"","city","state","city_uid","intake","DVSN_ID","city_state","key_watershed"
"1","Abilene","TX",441,"Clear Fork Brazo River",3289,"Abilene | TX",TRUE
"2","Abilene","TX",441,"Ft. Phantom Hill Reservoir",3364,"Abilene | TX",FALSE
"3","Abilene","TX",441,"Hubbard Creek Reservoir",3407,"Abilene | TX",TRUE
"4","Abilene","TX",441,"Lake Abilene",3445,"Abilene | TX",TRUE
"5","Abilene","TX",441,"Lake Kirby",3491,"Abilene | TX",TRUE
"6","Akron","OH",410,"East Branch Reservoir-OH",3329,"Akron | OH",FALSE
"7","Akron","OH",410,"Lake Rockwell",3526,"Akron | OH",TRUE
"8","Akron","OH",410,"Wendell R LaDue Reservoir",3862,"Akron | OH",FALSE
"9","Albany","NY",404,"Alcove Reservoir",3176,"Albany | NY",TRUE
"10","Albany","NY",404,"Basic Creek Reservoir",3210,"Albany | NY",TRUE
"11","Albuquerque","NM",401,"Rio Grande - Albuquerque",4045,"Albuquerque | NM",TRUE
"12","Albuquerque","NM",401,"Santa Fe Group Aquifer",3771,"Albuquerque | NM",FALSE
"13","Amarillo","TX",442,"Ogallala Aquifer",3666,"Amarillo | TX",TRUE
"14","Anchorage","AK",280,"Anchorage GW",4067,"Anchorage | AK",FALSE
"15","Anchorage","AK",280,"Eklutna Lake",4065,"Anchorage | AK",TRUE
"16","Anchorage","AK",280,"Ship Creek",4066,"Anchorage | AK",TRUE
"17","Ann Arbor","MI",371,"Ann Arbor GW",3187,"Ann Arbor | MI",FALSE
"18","Ann Arbor","MI",371,"Barton Pond",3209,"Ann Arbor | MI",TRUE
"19","Antioch","CA",289,"Contra Loma Reservoir",3301,"Antioch | CA",FALSE
"20","Antioch","CA",289,"Los Vaqueros Reservoir",3571,"Antioch | CA",FALSE
"21","Antioch","CA",289,"Mallard Reservoir",3581,"Antioch | CA",TRUE
"22","Antioch","CA",289,"Martinez Reservoir",3589,"Antioch | CA",TRUE
"23","Antioch","CA",289,"San Joaquin River",3760,"Antioch | CA",TRUE
"24","Appleton","WI",465,"Lake Winnebago",3547,"Appleton | WI",TRUE
"25","Asheville","NC",383,"Bee Tree Reservoir",3216,"Asheville | NC",TRUE
"26","Asheville","NC",383,"Mills River",3616,"Asheville | NC",TRUE
"27","Asheville","NC",383,"North Fork Reservoir",3656,"Asheville | NC",TRUE
"28","Athens","GA",334,"Bear Creek Reservoir- GA",3214,"Athens | GA",TRUE
"29","Athens","GA",334,"Middle Oconee River",3610,"Athens | GA",TRUE
"30","Athens","GA",334,"North Oconee River",3657,"Athens | GA",TRUE
"31","Atlanta","GA",181,"Chattahoochee River",2331,"Atlanta | GA",TRUE
"32","Atlantic City","NJ",399,"Cohansey Aquifer",3295,"Atlantic City | NJ",FALSE
"33","Atlantic City","NJ",399,"Doughty Pond Dam",3325,"Atlantic City | NJ",TRUE
"34","Atlantic City","NJ",399,"Kirkwood Aquifer",3438,"Atlantic City | NJ",FALSE
"35","Atlantic City","NJ",399,"Kuehnle Pond Dam",3440,"Atlantic City | NJ",FALSE
"36","Augusta-Richmond","GA",337,"Cretaceous Aquifer",3304,"Augusta-Richmond | GA",FALSE
"37","Augusta-Richmond","GA",337,"Savannah River",3777,"Augusta-Richmond | GA",TRUE
"38","Aurora","CO",187,"Aurora Reservoir",2348,"Aurora | CO",TRUE
"39","Aurora","CO",187,"Homestake Reservoir",2358,"Aurora | CO",TRUE
"40","Aurora","CO",187,"Jefferson Reservoir",2351,"Aurora | CO",TRUE
"41","Aurora","CO",187,"Lake Henry",2356,"Aurora | CO",FALSE
"42","Aurora","CO",187,"Lake Meredith",2357,"Aurora | CO",TRUE
"43","Aurora","CO",187,"Pueblo Reservoir",2355,"Aurora | CO",TRUE
"44","Aurora","CO",187,"Quincy Reservoir",2349,"Aurora | CO",TRUE
"45","Aurora","CO",187,"Rampart Reservoir",2352,"Aurora | CO",TRUE
"46","Aurora","CO",187,"South Platte River Basin",2347,"Aurora | CO",FALSE
"47","Aurora","CO",187,"Spinney Mountain Reservoir",2350,"Aurora | CO",TRUE
"48","Aurora","CO",187,"Turquoise Lake",2353,"Aurora | CO",FALSE
"49","Aurora","CO",187,"Twin Lakes",2354,"Aurora | CO",FALSE
"50","Austin","TX",167,"Colorado River (TX) - Albert H. Ullrich WTP",2284,"Austin | TX",TRUE
"51","Austin","TX",167,"Colorado River (TX) - Albert R. Davis WTP",2283,"Austin | TX",FALSE
"52","Bakersfield","CA",290,"Bakersfield_GW",3203,"Bakersfield | CA",FALSE
"53","Bakersfield","CA",290,"Kern River",3432,"Bakersfield | CA",TRUE
"54","Baltimore","MD",172,"Conowingo Dam – Susquehanna River",2301,"Baltimore | MD",TRUE
"55","Baltimore","MD",172,"Liberty Reservoir",2299,"Baltimore | MD",TRUE
"56","Baltimore","MD",172,"Loch Raven Reservoir",2298,"Baltimore | MD",TRUE
"57","Baltimore","MD",172,"Prettyboy Reservoir",2300,"Baltimore | MD",FALSE
"58","Barnstable","MA",365,"Sagamore Lens",4072,"Barnstable | MA",TRUE
"59","Baton Rouge","LA",358,"Southern Hills Aquifer",3804,"Baton Rouge | LA",TRUE
"60","Beaumont","TX",443,"Neches River",3644,"Beaumont | TX",TRUE
"61","Berkeley","CA",555,"Briones Reservoir",2335,"Berkeley | CA",TRUE
"62","Berkeley","CA",555,"Camanche Reservoir",2340,"Berkeley | CA",TRUE
"63","Billings","MT",382,"Yellowstone River",3883,"Billings | MT",TRUE
"64","Binghamton","NY",409,"Susquehanna River - Binghampton",4036,"Binghamton | NY",TRUE
"65","Birmingham","AL",281,"Cahaba River",3253,"Birmingham | AL",TRUE
"66","Birmingham","AL",281,"Inland Lake",3415,"Birmingham | AL",TRUE
"67","Birmingham","AL",281,"Lake Purdy",3521,"Birmingham | AL",TRUE
"68","Birmingham","AL",281,"Mulberry Fork",3637,"Birmingham | AL",FALSE
"69","Birmingham","AL",281,"Sipsey Fork",3796,"Birmingham | AL",TRUE
"70","Boise","ID",344,"Boise GW",3234,"Boise | ID",FALSE
"71","Boise","ID",344,"Boise River",3235,"Boise | ID",TRUE
"72","Boston","MA",173,"Quabbin Reservoir",2302,"Boston | MA",TRUE
"73","Boston","MA",173,"Wachusett Reservoir",2303,"Boston | MA",TRUE
"74","Boston","MA",173,"Ware River",2304,"Boston | MA",TRUE
"75","Boulder","CO",312,"Barker Reservoir",3205,"Boulder | CO",TRUE
"76","Boulder","CO",312,"Boulder Reservoir",3238,"Boulder | CO",TRUE
"77","Boulder","CO",312,"Carter Lake",4033,"Boulder | CO",TRUE
"78","Boulder","CO",312,"Lakewood Reservoir",4030,"Boulder | CO",TRUE
"79","Boulder","CO",312,"Silver Lake",3790,"Boulder | CO",FALSE
"80","Bremerton","WA",461,"Bremerton GW",3242,"Bremerton | WA",FALSE
"81","Bremerton","WA",461,"Union River Reservoir",3849,"Bremerton | WA",TRUE
"82","Bridgeport","CT",512,"Aspetuck Reservoir",4082,"Bridgeport | CT",FALSE
"83","Bridgeport","CT",512,"Easton Reservoir",4079,"Bridgeport | CT",TRUE
"84","Bridgeport","CT",512,"Far Mill Reservoir",4083,"Bridgeport | CT",FALSE
"85","Bridgeport","CT",512,"Hemlocks Reservoir",4080,"Bridgeport | CT",TRUE
"86","Bridgeport","CT",512,"Means Brook Reservoir",4085,"Bridgeport | CT",TRUE
"87","Bridgeport","CT",512,"Saugatuck Reservoir",4078,"Bridgeport | CT",TRUE
"88","Bridgeport","CT",512,"Trap Fall Reservoir",4081,"Bridgeport | CT",TRUE
"89","Bridgeport","CT",512,"West Pequonnock Reservoir",4084,"Bridgeport | CT",TRUE
"90","Brooksville","FL",320,"Floridan Aquifer",4071,"Brooksville | FL",TRUE
"91","Brownsville","TX",444,"Amistad Dam",3185,"Brownsville | TX",FALSE
"92","Brownsville","TX",444,"Falcon Dam",3348,"Brownsville | TX",TRUE
"93","Buffalo","NY",405,"Lake Erie",3469,"Buffalo | NY",TRUE
"94","Burlington","VT",460,"Lake Champlain",3459,"Burlington | VT",TRUE
"95","Canton","OH",411,"Canton Sand and Gravel Aquifer",3262,"Canton | OH",TRUE
"96","Cape Coral","FL",321,"Lower Hawthorne Aquifer",3575,"Cape Coral | FL",TRUE
"97","Cedar Rapids","IA",339,"Cedar River Alluvial Aquifer - Cedar Rapids",3273,"Cedar Rapids | IA",TRUE
"98","Champaign","IL",345,"Glasford Aquifer",3370,"Champaign | IL",TRUE
"99","Champaign","IL",345,"Mahomet Sands Aquifer",3580,"Champaign | IL",TRUE
"100","Charleston","WV",471,"Elk River",3342,"Charleston | WV",TRUE
"101","Charlotte","NC",170,"Lake Norman",2296,"Charlotte | NC",FALSE
"102","Charlotte","NC",170,"Mountain Island Lake",2295,"Charlotte | NC",TRUE
"103","Chattanooga","TN",438,"Tennessee River - Chattanooga",4050,"Chattanooga | TN",TRUE
"104","Chicago","IL",160,"Lake Michigan",3506,"Chicago | IL",TRUE
"105","Cincinnati","OH",413,"Great Miami Aquifer",3377,"Cincinnati | OH",FALSE
"106","Cincinnati","OH",413,"Ohio River - Cincinnati",3668,"Cincinnati | OH",TRUE
"107","Clarksville","TN",439,"Cumberland River - Clarksville",4039,"Clarksville | TN",TRUE
"108","Cleveland","OH",183,"Lake Erie",3469,"Cleveland | OH",TRUE
"109","Colorado Springs","CO",313,"Big Horn Reservoir",3223,"Colorado Springs | CO",TRUE
"110","Colorado Springs","CO",313,"Big Tooth Reservoir",3226,"Colorado Springs | CO",TRUE
"111","Colorado Springs","CO",313,"Boehmer Reservoir",3231,"Colorado Springs | CO",FALSE
"112","Colorado Springs","CO",313,"Clear Creek Reservoir",3288,"Colorado Springs | CO",TRUE
"113","Colorado Springs","CO",313,"Crystal Creek Reservoir-CO",3308,"Colorado Springs | CO",TRUE
"114","Colorado Springs","CO",313,"Grizzly Reservoir",3383,"Colorado Springs | CO",TRUE
"115","Colorado Springs","CO",313,"Lake Moraine",3507,"Colorado Springs | CO",FALSE
"116","Colorado Springs","CO",313,"Mason Reservoir",3590,"Colorado Springs | CO",FALSE
"117","Colorado Springs","CO",313,"McReynolds Reservoir",3596,"Colorado Springs | CO",TRUE
"118","Colorado Springs","CO",313,"Montgomery Reservoir",3629,"Colorado Springs | CO",TRUE
"119","Colorado Springs","CO",313,"Nichols Reservoir",3651,"Colorado Springs | CO",FALSE
"120","Colorado Springs","CO",313,"North Catamount Reservoir",3654,"Colorado Springs | CO",FALSE
"121","Colorado Springs","CO",313,"Northfield Reservoir",3660,"Colorado Springs | CO",FALSE
"122","Colorado Springs","CO",313,"Pikeview Reservoir",3689,"Colorado Springs | CO",TRUE
"123","Colorado Springs","CO",313,"Rosemont Reservoir",3742,"Colorado Springs | CO",TRUE
"124","Colorado Springs","CO",313,"Ruedi Reservoir",3744,"Colorado Springs | CO",TRUE
"125","Colorado Springs","CO",313,"South Catamount Reservoir",3801,"Colorado Springs | CO",FALSE
"126","Colorado Springs","CO",313,"Upper Blue Reservoir",3850,"Colorado Springs | CO",TRUE
"127","Colorado Springs","CO",313,"Wilson Reservoir",3879,"Colorado Springs | CO",TRUE
"128","Columbia","SC",429,"Broad River Diversion Canal",3244,"Columbia | SC",TRUE
"129","Columbia","SC",429,"Lake Murray",3508,"Columbia | SC",FALSE
"130","Columbus","OH",168,"Griggs Reservoir - dammed Scioto R.",2285,"Columbus | OH",TRUE
"131","Columbus","OH",168,"Hoover Reservoir",2287,"Columbus | OH",TRUE
"132","Columbus","OH",168,"O'Shaughnessy Reservoir - dammed Scioto R.",2286,"Columbus | OH",FALSE
"133","Columbus","OH",168,"Scioto River Valley Aquifer",2288,"Columbus | OH",FALSE
"134","Concord","CA",291,"Clifton Forebay",2190,"Concord | CA",FALSE
"135","Concord","CA",291,"Contra Loma Reservoir",3301,"Concord | CA",FALSE
"136","Concord","CA",291,"Lewiston Lake",2189,"Concord | CA",TRUE
"137","Concord","CA",291,"Los Vaqueros Reservoir",3571,"Concord | CA",FALSE
"138","Concord","CA",291,"Mallard Reservoir",3581,"Concord | CA",TRUE
"139","Concord","CA",291,"Martinez Reservoir",3589,"Concord | CA",TRUE
"140","Concord","CA",291,"San Joaquin River",3760,"Concord | CA",TRUE
"141","Concord","NC",384,"Kannapolis Lake",3425,"Concord | NC",TRUE
"142","Concord","NC",384,"Lake Concord",3460,"Concord | NC",TRUE
"143","Concord","NC",384,"Lake Don T. Howell",3466,"Concord | NC",TRUE
"144","Concord","NC",384,"Lake Fisher",3472,"Concord | NC",FALSE
"145","Concord","NC",384,"Lake Norman",2296,"Concord | NC",FALSE
"146","Concord","NC",384,"Mountain Island Lake",2295,"Concord | NC",TRUE
"147","Corpus Christi","TX",445,"Choke Canyon Reservoir",3286,"Corpus Christi | TX",FALSE
"148","Corpus Christi","TX",445,"Lake Corpus Christi",3462,"Corpus Christi | TX",TRUE
"149","Corpus Christi","TX",445,"Lake Texana",3536,"Corpus Christi | TX",TRUE
"150","Dallas","TX",159,"Elm Fork of the Trinity River - Elm Fork WTP",2192,"Dallas | TX",TRUE
"151","Dallas","TX",159,"Fork Lake",2198,"Dallas | TX",TRUE
"152","Dallas","TX",159,"Grapevine Lake",2195,"Dallas | TX",FALSE
"153","Dallas","TX",159,"Lewisville Lake",2194,"Dallas | TX",FALSE
"154","Dallas","TX",159,"Ray Hubbard Lake",2196,"Dallas | TX",TRUE
"155","Dallas","TX",159,"Ray Roberts Lake",2193,"Dallas | TX",FALSE
"156","Dallas","TX",159,"Tawakoni Lake",2197,"Dallas | TX",TRUE
"157","Danbury","CT",319,"East Lake",3332,"Danbury | CT",FALSE
"158","Danbury","CT",319,"Kenosia Wells",3429,"Danbury | CT",FALSE
"159","Danbury","CT",319,"Lower Kohanza Reservoir",3576,"Danbury | CT",TRUE
"160","Danbury","CT",319,"Margerie Reservoir",3585,"Danbury | CT",FALSE
"161","Danbury","CT",319,"Osborne Wells",3672,"Danbury | CT",FALSE
"162","Danbury","CT",319,"Padanaram Reservoir",3678,"Danbury | CT",TRUE
"163","Danbury","CT",319,"Upper Kohanza Reservoir",3851,"Danbury | CT",FALSE
"164","Danbury","CT",319,"West Lake",3865,"Danbury | CT",FALSE
"165","Davenport","LA",342,"Mississippi River - Davenport",3621,"Davenport | LA",TRUE
"166","Dayton","OH",412,"Miami Valley Buried Aquifer",3607,"Dayton | OH",TRUE
"167","Deltona","FL",322,"Floridan Aquifer",3360,"Deltona | FL",TRUE
"168","Denver","CO",176,"Antero Reservoir",2313,"Denver | CO",FALSE
"169","Denver","CO",176,"Bear Creek (to canal)",2318,"Denver | CO",TRUE
"170","Denver","CO",176,"Cheesman Reservoir",2315,"Denver | CO",FALSE
"171","Denver","CO",176,"Dillon Reservoir",2311,"Denver | CO",TRUE
"172","Denver","CO",176,"Eleven Mile Canyon Reservoir",2314,"Denver | CO",FALSE
"173","Denver","CO",176,"Gross Reservoir",2316,"Denver | CO",TRUE
"174","Denver","CO",176,"Ralston Reservoir",2319,"Denver | CO",TRUE
"175","Denver","CO",176,"Strontia Springs Reservoir",2317,"Denver | CO",TRUE
"176","Denver","CO",176,"Tributaries to Fraser River (Moffat Tunnel)",2312,"Denver | CO",TRUE
"177","Denver","CO",176,"Williams Fork River intake",2320,"Denver | CO",TRUE
"178","Des Moines","IA",340,"Des Moines River",3318,"Des Moines | IA",TRUE
"179","Des Moines","IA",340,"Raccoon River",3721,"Des Moines | IA",TRUE
"180","Des Moines","IA",340,"Raccoon River Alluvial Aquifer",3722,"Des Moines | IA",FALSE
"181","Detroit","MI",171,"Lake Huron",3487,"Detroit | MI",FALSE
"182","Detroit","MI",171,"Lake St. Clair - 3 WTP intakes",2308,"Detroit | MI",TRUE
"183","Duluth","MN",378,"Lake Superior",3533,"Duluth | MN",TRUE
"184","Durham","NC",385,"Lake Jordan",3489,"Durham | NC",TRUE
"185","Durham","NC",385,"Lake Michie",3505,"Durham | NC",TRUE
"186","Durham","NC",385,"Little River Reservoir",3562,"Durham | NC",TRUE
"187","El Paso","TX",455,"Hueco Bolson Aquifer",3409,"El Paso | TX",FALSE
"188","El Paso","TX",455,"Mesilla Bolson Aquifer",3606,"El Paso | TX",FALSE
"189","El Paso","TX",455,"Rio Grande River - El Paso",3733,"El Paso | TX",TRUE
"190","Elkhart","IN",352,"Elkhart GW",3343,"Elkhart | IN",TRUE
"191","Erie","PA",421,"Lake Erie",3469,"Erie | PA",TRUE
"192","Eugene","OR",418,"McKenzie River",3595,"Eugene | OR",TRUE
"193","Evansville","IN",351,"Ohio River - Evansville",4042,"Evansville | IN",TRUE
"194","Fairfield","CA",292,"Lake Berryessa",3451,"Fairfield | CA",TRUE
"195","Fargo","ND",394,"Red River",3727,"Fargo | ND",TRUE
"196","Fayetteville","NC",386,"Bonnie Doone Lake",3237,"Fayetteville | NC",FALSE
"197","Fayetteville","NC",386,"Cape Fear River - Fayetteville",3264,"Fayetteville | NC",TRUE
"198","Fayetteville","NC",386,"Glenville Lake",3372,"Fayetteville | NC",TRUE
"199","Fayetteville","NC",386,"Jacobson Reservoir",3419,"Fayetteville | NC",TRUE
"200","Fayetteville","NC",386,"Kornbow Lake",3439,"Fayetteville | NC",FALSE
"201","Fayetteville","NC",386,"Mintz Pond",3617,"Fayetteville | NC",FALSE
"202","Flint","MI",372,"Detroit River",2307,"Flint | MI",TRUE
"203","Fort Collins","CO",314,"Cache La Poudre River",3252,"Fort Collins | CO",TRUE
"204","Fort Collins","CO",314,"Flat Iron Dam",3357,"Fort Collins | CO",TRUE
"205","Fort Collins","CO",314,"Green Mountain Dam",3380,"Fort Collins | CO",TRUE
"206","Fort Collins","CO",314,"Horsetooth Reservoir",3405,"Fort Collins | CO",TRUE
"207","Fort Collins","CO",314,"Joe Wright Reservoir",4032,"Fort Collins | CO",FALSE
"208","Fort Collins","CO",314,"Lake Granby",3375,"Fort Collins | CO",FALSE
"209","Fort Collins","CO",314,"Michigan River",4031,"Fort Collins | CO",TRUE
"210","Fort Collins","CO",314,"Olympus Dam",3670,"Fort Collins | CO",TRUE
"211","Fort Collins","CO",314,"Shadow Mountain Dam",3785,"Fort Collins | CO",FALSE
"212","Fort Collins","CO",314,"Willow Creek Dam",3878,"Fort Collins | CO",FALSE
"213","Fort Collins","CO",314,"Windy Gap Reservoir",3880,"Fort Collins | CO",TRUE
"214","Fort Smith","AR",287,"Lake Fort Smith",3473,"Fort Smith | AR",TRUE
"215","Fort Smith","AR",287,"Lee Creek Reservoir",3553,"Fort Smith | AR",TRUE
"216","Fort Walton Beach","FL",323,"Floridan Aquifer",3360,"Fort Walton Beach | FL",TRUE
"217","Fort Wayne","IN",349,"Cedarville Dam",3276,"Fort Wayne | IN",FALSE
"218","Fort Wayne","IN",349,"Hurshtown Reservoir",3411,"Fort Wayne | IN",FALSE
"219","Fort Wayne","IN",349,"St. Joseph River",3653,"Fort Wayne | IN",TRUE
"220","Fort Worth","TX",169,"Benbrook Lake",2292,"Fort Worth | TX",TRUE
"221","Fort Worth","TX",169,"Cedar Creek Reservoir",2293,"Fort Worth | TX",TRUE
"222","Fort Worth","TX",169,"Eagle Mountain Lake",2290,"Fort Worth | TX",FALSE
"223","Fort Worth","TX",169,"Lake Bridgeport",2289,"Fort Worth | TX",FALSE
"224","Fort Worth","TX",169,"Lake Worth",2291,"Fort Worth | TX",TRUE
"225","Fort Worth","TX",169,"Richland-Chambers Reservoir",2294,"Fort Worth | TX",TRUE
"226","Frederick","MD",369,"Fishing Creek Reservoir",3356,"Frederick | MD",FALSE
"227","Frederick","MD",369,"Linganore Creek Reservoir",3559,"Frederick | MD",TRUE
"228","Frederick","MD",369,"Monocacy River",3628,"Frederick | MD",TRUE
"229","Frederick","MD",369,"Potomac River - Fredrick",3703,"Frederick | MD",TRUE
"230","Fresno","CA",293,"Fresno Sole Source Aquifer",3363,"Fresno | CA",FALSE
"231","Fresno","CA",293,"Millerton Lake",3614,"Fresno | CA",TRUE
"232","Fresno","CA",293,"Pine Flat Lake",3691,"Fresno | CA",TRUE
"233","Gainesville","FL",324,"Floridan Aquifer",3360,"Gainesville | FL",TRUE
"234","Gastonia","NC",387,"Mountain Island Lake",4886,"Gastonia | NC",TRUE
"235","Grand Rapids","MI",373,"Lake Michigan",3506,"Grand Rapids | MI",TRUE
"236","Green Bay","WI",466,"Green Bay GW",3379,"Green Bay | WI",TRUE
"237","Greensboro","NC",388,"Lake Brandt",3455,"Greensboro | NC",FALSE
"238","Greensboro","NC",388,"Lake Higgins",3484,"Greensboro | NC",FALSE
"239","Greensboro","NC",388,"Lake Mackintosh",3496,"Greensboro | NC",TRUE
"240","Greensboro","NC",388,"Lake Reidsville",3524,"Greensboro | NC",TRUE
"241","Greensboro","NC",388,"Lake Townsend",3538,"Greensboro | NC",TRUE
"242","Greensboro","NC",388,"Stoney Creek Reservoir",3819,"Greensboro | NC",TRUE
"243","Greensboro","NC",388,"Yadkin River - Greensboro",3882,"Greensboro | NC",TRUE
"244","Greenville","SC",430,"Lake Keowee",3490,"Greenville | SC",TRUE
"245","Greenville","SC",430,"Poinsett Reservoir",3698,"Greenville | SC",TRUE
"246","Greenville","SC",430,"Table Rock Reservoir",3829,"Greenville | SC",TRUE
"247","Hagerstown","MD",370,"Edgemeont Reservoir",3336,"Hagerstown | MD",TRUE
"248","Hagerstown","MD",370,"Potomac River - Hagerstown",4054,"Hagerstown | MD",TRUE
"249","Harlingen","TX",446,"Rio Grande - Harlingen",4046,"Harlingen | TX",TRUE
"250","Harrisburg","PA",422,"Stony Creek",3821,"Harrisburg | PA",FALSE
"251","Harrisburg","PA",422,"Susquehanna River - Harrisburg",4037,"Harrisburg | PA",TRUE
"252","Harrisburg","PA",422,"Swatara Creek",3827,"Harrisburg | PA",TRUE
"253","Hartford","CT",316,"Barkhamsted Reservoir",3206,"Hartford | CT",FALSE
"254","Hartford","CT",316,"Nepaug Reservoir",3645,"Hartford | CT",TRUE
"255","Hemet","CA",294,"Hemet Groundwater Basin",3391,"Hemet | CA",TRUE
"256","Hemet","CA",294,"San Jacinto Groundwater Basin",3758,"Hemet | CA",TRUE
"257","Hickory","NC",389,"Lake Hickory",3483,"Hickory | NC",TRUE
"258","Hickory","NC",389,"Lake Rhodhiss",3525,"Hickory | NC",FALSE
"259","High Point","NC",390,"City Lake",3287,"High Point | NC",TRUE
"260","High Point","NC",390,"Oak Hollow",3663,"High Point | NC",FALSE
"261","Houma","LA",359,"Bayou Lafourche",3213,"Houma | LA",TRUE
"262","Houma","LA",359,"Gulf Intercoastal Waterway",3386,"Houma | LA",TRUE
"263","Houston","TX",154,"Chicot Aquifer",2140,"Houston | TX",FALSE
"264","Houston","TX",154,"Evangeline Aquifer",2139,"Houston | TX",FALSE
"265","Houston","TX",154,"Lake Conroe",2142,"Houston | TX",FALSE
"266","Houston","TX",154,"Lake Houston",2143,"Houston | TX",TRUE
"267","Houston","TX",154,"Lake Livingston",2141,"Houston | TX",TRUE
"268","Huntington","WV",472,"Ohio River - Huntington",4044,"Huntington | WV",TRUE
"269","Huntsville","AL",282,"Huntsville_GW",3410,"Huntsville | AL",FALSE
"270","Huntsville","AL",282,"Tennessee River - Huntsville",3834,"Huntsville | AL",TRUE
"271","Indianapolis","IN",165,"Eagle Creek Reservoir",2278,"Indianapolis | IN",TRUE
"272","Indianapolis","IN",165,"Fall Creek - Fall Creek Plant",2277,"Indianapolis | IN",FALSE
"273","Indianapolis","IN",165,"Geist Reservoir",2276,"Indianapolis | IN",FALSE
"274","Indianapolis","IN",165,"Morse Reservoir",2275,"Indianapolis | IN",FALSE
"275","Indianapolis","IN",165,"Unnamed Aquifer",2279,"Indianapolis | IN",FALSE
"276","Indianapolis","IN",165,"White River - White River Plant",2274,"Indianapolis | IN",TRUE
"277","Jackson","MS",381,"Pearl River",3683,"Jackson | MS",TRUE
"278","Jackson","MS",381,"Ross Barnett Reservoir",3743,"Jackson | MS",FALSE
"279","Jacksonville","FL",164,"Floridan Aquifer",2273,"Jacksonville | FL",TRUE
"280","Johnson City","TN",434,"Unicoi Springs",3848,"Johnson City | TN",FALSE
"281","Johnson City","TN",434,"Watauga River",3861,"Johnson City | TN",TRUE
"282","Kalamazoo","MI",374,"Kalamazoo Sand and Gravel Aquifer",3424,"Kalamazoo | MI",TRUE
"283","Kansas City","MO",380,"Kansas City GW",3426,"Kansas City | MO",FALSE
"284","Kansas City","MO",380,"Missouri River",3622,"Kansas City | MO",TRUE
"285","Kenosha","WI",467,"Lake Michigan",3506,"Kenosha | WI",TRUE
"286","Killeen","TX",447,"Lake Belton",3449,"Killeen | TX",TRUE
"287","Kissimmee","FL",325,"Floridan Aquifer",3360,"Kissimmee | FL",TRUE
"288","Knoxville","TN",435,"Tennessee River - Knoxville",4049,"Knoxville | TN",TRUE
"289","Lafayette","IN",350,"Teays Aquifer",3832,"Lafayette | IN",TRUE
"290","Lafayette","LA",360,NA,NA,"Lafayette | LA",TRUE
"291","Lake Charles","LA",361,NA,NA,"Lake Charles | LA",TRUE
"292","Lakeland","FL",326,"Floridan Aquifer",3360,"Lakeland | FL",TRUE
"293","Lancaster","PA",423,"Conestoga River",3300,"Lancaster | PA",TRUE
"294","Lancaster","PA",423,"Susquehanna River - Lancaster",3825,"Lancaster | PA",TRUE
"295","Lansing","MI",375,"Saginaw Formation",3748,"Lansing | MI",TRUE
"296","Laredo","TX",448,"Rio Grande - Laredo",4047,"Laredo | TX",TRUE
"297","Las Cruces","NM",402,NA,NA,"Las Cruces | NM",TRUE
"298","Las Vegas","NV",178,"Lake Mead",2327,"Las Vegas | NV",TRUE
"299","Las Vegas","NV",178,"Las Vegas Valley Aquifer",2328,"Las Vegas | NV",FALSE
"300","Lexington","KY",356,"Kentucky River",3431,"Lexington | KY",TRUE
"301","Lexington","KY",356,"Lake Ellerslie",3468,"Lexington | KY",FALSE
"302","Lincoln","NE",395,"Lincoln Gravel Esker Aquifer",3558,"Lincoln | NE",TRUE
"303","Little Rock","AR",286,"Lake Maumelle",3500,"Little Rock | AR",TRUE
"304","Little Rock","AR",286,"Lake Winona",3548,"Little Rock | AR",TRUE
"305","Long Beach","CA",179,"San Gabriel Valley Basin",2329,"Long Beach | CA",TRUE
"306","Los Angeles","CA",161,"Baker Creek",2221,"Los Angeles | CA",FALSE
"307","Los Angeles","CA",161,"Big Pine Creek",2222,"Los Angeles | CA",FALSE
"308","Los Angeles","CA",161,"Bishop Creek",2220,"Los Angeles | CA",FALSE
"309","Los Angeles","CA",161,"Bouquet Reservoir",2201,"Los Angeles | CA",TRUE
"310","Los Angeles","CA",161,"Convict Creek",2217,"Los Angeles | CA",FALSE
"311","Los Angeles","CA",161,"Convict Lake",2202,"Los Angeles | CA",FALSE
"312","Los Angeles","CA",161,"Cottonwood Creek",2227,"Los Angeles | CA",TRUE
"313","Los Angeles","CA",161,"Drinkwater Reservoir",2203,"Los Angeles | CA",TRUE
"314","Los Angeles","CA",161,"Fairmont Reservoir",2204,"Los Angeles | CA",TRUE
"315","Los Angeles","CA",161,"Grant Lake",2205,"Los Angeles | CA",FALSE
"316","Los Angeles","CA",161,"Hot Creek",2216,"Los Angeles | CA",FALSE
"317","Los Angeles","CA",161,"Independence Creek",2225,"Los Angeles | CA",TRUE
"318","Los Angeles","CA",161,"Lake Crowley",2206,"Los Angeles | CA",FALSE
"319","Los Angeles","CA",161,"Lee Vining Creek",2212,"Los Angeles | CA",TRUE
"320","Los Angeles","CA",161,"Lone Pine Creek",2226,"Los Angeles | CA",TRUE
"321","Los Angeles","CA",161,"Los Angeles Reservoir",2207,"Los Angeles | CA",TRUE
"322","Los Angeles","CA",161,"McGee Creek",2218,"Los Angeles | CA",FALSE
"323","Los Angeles","CA",161,"North Haiwee Reservoir",2208,"Los Angeles | CA",FALSE
"324","Los Angeles","CA",161,"Owens River Below East Portal",2215,"Los Angeles | CA",FALSE
"325","Los Angeles","CA",161,"Owens River below Pine Creek",2224,"Los Angeles | CA",FALSE
"326","Los Angeles","CA",161,"Parker Creek",2214,"Los Angeles | CA",TRUE
"327","Los Angeles","CA",161,"Pleasant Valley Reservoir",2210,"Los Angeles | CA",FALSE
"328","Los Angeles","CA",161,"Rock Creek",2219,"Los Angeles | CA",FALSE
"329","Los Angeles","CA",161,"South Haiwee Reservoir",2209,"Los Angeles | CA",TRUE
"330","Los Angeles","CA",161,"Tenehemah Creek",2223,"Los Angeles | CA",FALSE
"331","Los Angeles","CA",161,"Tinemaha Reservoir",2211,"Los Angeles | CA",TRUE
"332","Los Angeles","CA",161,"Walker Creek",2213,"Los Angeles | CA",TRUE
"333","Louisville","KY",357,"Ohio River - Louisville",4043,"Louisville | KY",TRUE
"334","Louisville","KY",357,"Ohio River Alluvial Aquifer",3669,"Louisville | KY",FALSE
"335","Lubbock","TX",449,"Bailey County GW",3202,"Lubbock | TX",FALSE
"336","Lubbock","TX",449,"Lake Meredith-TX",3504,"Lubbock | TX",TRUE
"337","Lubbock","TX",449,"Roberts County GW",3737,"Lubbock | TX",FALSE
"338","Macon","GA",335,"Javors J. Lucas Lake",3421,"Macon | GA",FALSE
"339","Macon","GA",335,"Ocmulgee River",3665,"Macon | GA",TRUE
"340","Madison","WI",468,"Madison sandstone aquifer",3579,"Madison | WI",TRUE
"341","Manchester","NH",397,"Lake Massabesic",3498,"Manchester | NH",TRUE
"342","Marysville","WA",462,"Edward Springs GW",3337,"Marysville | WA",FALSE
"343","Marysville","WA",462,"Lake Goodwin well",3479,"Marysville | WA",FALSE
"344","Marysville","WA",462,"Spada Lake Reservoir",3805,"Marysville | WA",TRUE
"345","Marysville","WA",462,"Stillaguamish GW",3816,"Marysville | WA",FALSE
"346","McAllen","TX",450,"Rio Grande - McAllen",4048,"McAllen | TX",TRUE
"347","Medford","OR",419,"Big Butte Springs GW",3222,"Medford | OR",TRUE
"348","Memphis","TN",440,"Memphis Aquifer",3601,"Memphis | TN",TRUE
"349","Merced","CA",295,"Merced GW Basin",3603,"Merced | CA",TRUE
"350","Mesa","AZ",180,"Mesa Groundwater",2330,"Mesa | AZ",TRUE
"351","Miami","FL",182,"Biscayne Aquifer",2332,"Miami | FL",TRUE
"352","Milwaukee","WI",469,"Lake Michigan",3506,"Milwaukee | WI",TRUE
"353","Minneapolis","MN",185,"Mississippi River - Columbia Heights Filtration Plant",2341,"Minneapolis | MN",TRUE
"354","Mission Viejo","CA",296,"Mission Viejo GW",3620,"Mission Viejo | CA",TRUE
"355","Mobile","AL",283,"J.B. Converse Reservoir",3418,"Mobile | AL",TRUE
"356","Modesto","CA",297,"Modesto Basin",3624,"Modesto | CA",FALSE
"357","Modesto","CA",297,"Modesto Reservoir",3625,"Modesto | CA",TRUE
"358","Modesto","CA",297,"Tuolumne River",4056,"Modesto | CA",TRUE
"359","Monroe","LA",362,"Bayou Bartholomew",3211,"Monroe | LA",FALSE
"360","Monroe","LA",362,"Bayou DeSiard",3212,"Monroe | LA",FALSE
"361","Monroe","LA",362,"Black Bayou",3229,"Monroe | LA",FALSE
"362","Monroe","LA",362,"Ouachita River",3674,"Monroe | LA",TRUE
"363","Montgomery","AL",284,"Montgomery_GW",3630,"Montgomery | AL",FALSE
"364","Montgomery","AL",284,"Tallapoosa River",3830,"Montgomery | AL",TRUE
"365","Murfreesboro","TN",436,"East Fork Stones River",3331,"Murfreesboro | TN",FALSE
"366","Murfreesboro","TN",436,"J. Percy Priest Reservoir",3417,"Murfreesboro | TN",TRUE
"367","Muskegon","MI",376,"Lake Michigan",3506,"Muskegon | MI",TRUE
"368","Myrtle Beach","SC",431,"Atlantic Intracoastal Waterway",3199,"Myrtle Beach | SC",TRUE
"369","Myrtle Beach","SC",431,"Pee Dee River",3684,"Myrtle Beach | SC",TRUE
"370","Myrtle Beach","SC",431,"Waccamaw River",3856,"Myrtle Beach | SC",TRUE
"371","Nashua","NH",398,"Bowers Pond",3239,"Nashua | NH",FALSE
"372","Nashua","NH",398,"Harris Pond",3388,"Nashua | NH",FALSE
"373","Nashua","NH",398,"Holts Pond",3401,"Nashua | NH",FALSE
"374","Nashua","NH",398,"Merrimack River",3604,"Nashua | NH",TRUE
"375","Nashua","NH",398,"Nashua GW",3643,"Nashua | NH",FALSE
"376","Nashua","NH",398,"Supply Pond",3824,"Nashua | NH",FALSE
"377","Nashville","TN",437,"Cumberland River - Nashville-Davidson",3312,"Nashville | TN",TRUE
"378","New Bedford","MA",366,"Assawompset Pond",3197,"New Bedford | MA",TRUE
"379","New Bedford","MA",366,"Great Quittacas Pond",3378,"New Bedford | MA",FALSE
"380","New Bedford","MA",366,"Little Quittacas Pond",3561,"New Bedford | MA",TRUE
"381","New Bedford","MA",366,"Long Pond",3570,"New Bedford | MA",TRUE
"382","New Bedford","MA",366,"Pocksha Pond",3697,"New Bedford | MA",FALSE
"383","New Haven","CT",317,"Bethany Lake",3220,"New Haven | CT",FALSE
"384","New Haven","CT",317,"Cheshire Reservoir",3283,"New Haven | CT",TRUE
"385","New Haven","CT",317,"Glen Lake Reservoir",3371,"New Haven | CT",FALSE
"386","New Haven","CT",317,"Housatonic River Aquifer",3406,"New Haven | CT",FALSE
"387","New Haven","CT",317,"Lake Chamberlain",3458,"New Haven | CT",FALSE
"388","New Haven","CT",317,"Lake Dawson",3464,"New Haven | CT",TRUE
"389","New Haven","CT",317,"Lake Gallard",3475,"New Haven | CT",TRUE
"390","New Haven","CT",317,"Lake Hammonasset",3480,"New Haven | CT",TRUE
"391","New Haven","CT",317,"Lake Watrous",3545,"New Haven | CT",FALSE
"392","New Haven","CT",317,"Maltby Lakes",3582,"New Haven | CT",TRUE
"393","New Haven","CT",317,"Menuckatuck Reservoir",3602,"New Haven | CT",TRUE
"394","New Haven","CT",317,"Mill River Aquifer",3613,"New Haven | CT",FALSE
"395","New Haven","CT",317,"Millford Reservoir",3615,"New Haven | CT",TRUE
"396","New Haven","CT",317,"Quinnipiac Aquifer",3720,"New Haven | CT",FALSE
"397","New Haven","CT",317,"Wepawaug Reservoir",3863,"New Haven | CT",TRUE
"398","New Haven","CT",317,"Whitney Lake",3872,"New Haven | CT",TRUE
"399","New Orleans","LA",363,"Mississippi River - New Orleans",4055,"New Orleans | LA",TRUE
"400","New York","NY",162,"Amawalk Reservoir",2240,"New York | NY",FALSE
"401","New York","NY",162,"Ashokan Reservoir",2231,"New York | NY",TRUE
"402","New York","NY",162,"Bog Brook Reservoir",2238,"New York | NY",FALSE
"403","New York","NY",162,"Boyds Corner Reservoir",2234,"New York | NY",FALSE
"404","New York","NY",162,"Cannonsville Reservoir",2229,"New York | NY",TRUE
"405","New York","NY",162,"Cross River Reservoir",2243,"New York | NY",FALSE
"406","New York","NY",162,"Croton Falls Reservoir",2239,"New York | NY",FALSE
"407","New York","NY",162,"Diverting Reservoir",2245,"New York | NY",FALSE
"408","New York","NY",162,"East Branch Reservoir",2237,"New York | NY",FALSE
"409","New York","NY",162,"Gilead Lake",2248,"New York | NY",FALSE
"410","New York","NY",162,"Glenelda Lake",2247,"New York | NY",FALSE
"411","New York","NY",162,"Kenisco Reservoir",2246,"New York | NY",TRUE
"412","New York","NY",162,"Kirk Lake",2249,"New York | NY",FALSE
"413","New York","NY",162,"Middle Branch Reservoir",2236,"New York | NY",FALSE
"414","New York","NY",162,"Muscoot Reservoir",2242,"New York | NY",FALSE
"415","New York","NY",162,"Neversink Reservoir",2232,"New York | NY",TRUE
"416","New York","NY",162,"New Croton Reservoir",2241,"New York | NY",TRUE
"417","New York","NY",162,"Pepacton Reservoir",2230,"New York | NY",TRUE
"418","New York","NY",162,"Rondout Reservoir",2233,"New York | NY",TRUE
"419","New York","NY",162,"Schoharie Reservoir",2228,"New York | NY",TRUE
"420","New York","NY",162,"Titicus Reservoir",2244,"New York | NY",FALSE
"421","New York","NY",162,"West Branch Reservoir",2235,"New York | NY",FALSE
"422","Newark","NJ",191,"Canistear Reservoir",2366,"Newark | NJ",FALSE
"423","Newark","NJ",191,"Charlottesburg Reservoir",2364,"Newark | NJ",FALSE
"424","Newark","NJ",191,"Clinton Reservoir",2367,"Newark | NJ",FALSE
"425","Newark","NJ",191,"Echo Lake",2365,"Newark | NJ",FALSE
"426","Newark","NJ",191,"Monksville Reservoir",2370,"Newark | NJ",FALSE
"427","Newark","NJ",191,"Oak Ridge Reservoir",2368,"Newark | NJ",FALSE
"428","Newark","NJ",191,"Pompton River",2371,"Newark | NJ",TRUE
"429","Newark","NJ",191,"Ramapo River",2372,"Newark | NJ",FALSE
"430","Newark","NJ",191,"Wanaque Reservoir",2369,"Newark | NJ",FALSE
"431","Norfolk","VA",556,"Lake Lawson",4226,"Norfolk | VA",TRUE
"432","Norfolk","VA",556,"Lake Smith",4227,"Norfolk | VA",TRUE
"433","Norfolk","VA",556,"Lake Wright",4228,"Norfolk | VA",FALSE
"434","Norfolk","VA",556,"Little Creek Reservoir",4225,"Norfolk | VA",TRUE
"435","Norfolk","VA",556,"Norfolk GW",4223,"Norfolk | VA",FALSE
"436","Oakland","CA",184,"Briones Reservoir",2335,"Oakland | CA",FALSE
"437","Oakland","CA",184,"Camanche Reservoir",2340,"Oakland | CA",TRUE
"438","Oakland","CA",184,"Lafayette Reservoir",2336,"Oakland | CA",TRUE
"439","Oakland","CA",184,"Lake Chabot",2338,"Oakland | CA",TRUE
"440","Oakland","CA",184,"Pardee Reservoir",2339,"Oakland | CA",FALSE
"441","Oakland","CA",184,"San Pablo Reservoir",2334,"Oakland | CA",TRUE
"442","Oakland","CA",184,"Upper San Leandro Reservoir",2337,"Oakland | CA",FALSE
"443","Ocala","FL",327,"Floridan Aquifer",3360,"Ocala | FL",TRUE
"444","Odessa","TX",451,"Lake Ivie",3488,"Odessa | TX",TRUE
"445","Odessa","TX",451,"Lake Spence",3531,"Odessa | TX",FALSE
"446","Odessa","TX",451,"Lake Thomas",3537,"Odessa | TX",TRUE
"447","Oklahoma City","OK",416,"Atoka Reservoir",3200,"Oklahoma City | OK",FALSE
"448","Oklahoma City","OK",416,"Canton Lake",3261,"Oklahoma City | OK",FALSE
"449","Oklahoma City","OK",416,"Hefner Reservoir",3390,"Oklahoma City | OK",TRUE
"450","Oklahoma City","OK",416,"McGee Creek Reservoir",3593,"Oklahoma City | OK",TRUE
"451","Oklahoma City","OK",416,"Overholser Reservoir",3675,"Oklahoma City | OK",TRUE
"452","Oklahoma City","OK",416,"Stanley Draper Reservoir",3814,"Oklahoma City | OK",TRUE
"453","Omaha","NE",396,"Dakota Sandstone Aquifer - Omaha",4040,"Omaha | NE",FALSE
"454","Omaha","NE",396,"Missouri River - Omaha",4051,"Omaha | NE",TRUE
"455","Omaha","NE",396,"Platte River",3696,"Omaha | NE",TRUE
"456","Orlando","FL",328,"Lower Floridan Aquifer",3574,"Orlando | FL",TRUE
"457","Oxnard","CA",298,"Lake Bard",3448,"Oxnard | CA",TRUE
"458","Oxnard","CA",298,"Oxnard Plain GW Basin",3677,"Oxnard | CA",FALSE
"459","Panama (USA)","FL",329,"Floridan Aquifer",3360,"Panama (USA) | FL",TRUE
"460","Pensacola","FL",333,"Florida Sand and Gravel Aquifer",3358,"Pensacola | FL",TRUE
"461","Peoria","IL",346,"Illinois River",3412,"Peoria | IL",TRUE
"462","Peoria","IL",346,"San Koty Aquifer",3762,"Peoria | IL",FALSE
"463","Philadelphia","PA",155,"Delaware River - Baxter Plant",2146,"Philadelphia | PA",TRUE
"464","Philadelphia","PA",155,"Schuylkill River - Belmont Plant",2145,"Philadelphia | PA",TRUE
"465","Philadelphia","PA",155,"Schuylkill River - Queen Lane Plant",2144,"Philadelphia | PA",FALSE
"466","Phoenix","AZ",156,"Apache Lake",2150,"Phoenix | AZ",FALSE
"467","Phoenix","AZ",156,"Bartlett Reservoir",2154,"Phoenix | AZ",TRUE
"468","Phoenix","AZ",156,"C. C. Cragin Reservoir",2155,"Phoenix | AZ",TRUE
"469","Phoenix","AZ",156,"Canyon Lake",2151,"Phoenix | AZ",FALSE
"470","Phoenix","AZ",156,"Horseshoe Reservoir",2153,"Phoenix | AZ",FALSE
"471","Phoenix","AZ",156,"Lake Pleasant",2148,"Phoenix | AZ",TRUE
"472","Phoenix","AZ",156,"Saguaro Lake",2152,"Phoenix | AZ",TRUE
"473","Phoenix","AZ",156,"Theodore Roosevelt Lake",2149,"Phoenix | AZ",FALSE
"474","Pittsburgh","PA",424,"Allegheny river",3177,"Pittsburgh | PA",TRUE
"475","Port Arthur","TX",452,"LNVA Canal",3565,"Port Arthur | TX",TRUE
"476","Port Arthur","TX",452,"Port Arthur Reservoir",3701,"Port Arthur | TX",FALSE
"477","Port Arthur","TX",452,"Terminal Reservoir-TX",3835,"Port Arthur | TX",TRUE
"478","Port Saint Lucie","FL",330,"Floridan Aquifer",3360,"Port Saint Lucie | FL",TRUE
"479","Portland","ME",513,"Sebago Lake",4086,"Portland | ME",TRUE
"480","Portland","OR",177,"Blue Lake Aquifer",2324,"Portland | OR",FALSE
"481","Portland","OR",177,"Bull Run Lake",2321,"Portland | OR",FALSE
"482","Portland","OR",177,"Bull Run Reservoir No. 1",2322,"Portland | OR",FALSE
"483","Portland","OR",177,"Bull Run Reservoir No. 2",2323,"Portland | OR",TRUE
"484","Portland","OR",177,"Portland Sand and Gravel Aquifer",2325,"Portland | OR",FALSE
"485","Portland","OR",177,"Troutdale Sandstone Aquifer",2326,"Portland | OR",FALSE
"486","Providence","RI",428,"Barden Reservoir",3204,"Providence | RI",FALSE
"487","Providence","RI",428,"Moswansicut Reservoir",3635,"Providence | RI",FALSE
"488","Providence","RI",428,"Ponneganset Reservoir",3700,"Providence | RI",FALSE
"489","Providence","RI",428,"Regulating Reservoir-RI",3729,"Providence | RI",TRUE
"490","Providence","RI",428,"Scituate Reservoir",3782,"Providence | RI",FALSE
"491","Providence","RI",428,"Westconnaug Reservoir",3867,"Providence | RI",FALSE
"492","Pueblo","CO",315,"Pueblo Reservoir",2355,"Pueblo | CO",TRUE
"493","Pueblo","CO",315,"Ruedi Reservoir",3744,"Pueblo | CO",TRUE
"494","Pueblo","CO",315,"Turquoise Lake",2353,"Pueblo | CO",FALSE
"495","Pueblo","CO",315,"Twin Lakes",2354,"Pueblo | CO",FALSE
"496","Racine","WI",470,"Lake Michigan",3506,"Racine | WI",TRUE
"497","Raleigh","NC",391,"Falls Lake",3352,"Raleigh | NC",TRUE
"498","Reading","PA",425,"Lake Ontelaunee",3513,"Reading | PA",TRUE
"499","Redding","CA",299,"Redding GW",3728,"Redding | CA",FALSE
"500","Redding","CA",299,"Sacramento River - Redding",4041,"Redding | CA",TRUE
"501","Reno","NV",403,"Boca Reservoir",3230,"Reno | NV",TRUE
"502","Reno","NV",403,"Donner Lake",3324,"Reno | NV",FALSE
"503","Reno","NV",403,"Independence Lake",3413,"Reno | NV",FALSE
"504","Reno","NV",403,"Lake Tahoe",3534,"Reno | NV",FALSE
"505","Reno","NV",403,"Reno GW",3730,"Reno | NV",FALSE
"506","Richmond","VA",457,"James River, VA",4091,"Richmond | VA",TRUE
"507","Roanoke","VA",458,"Carvin Cove Reservoir",3267,"Roanoke | VA",TRUE
"508","Roanoke","VA",458,"Crystal Spring - VA",3310,"Roanoke | VA",FALSE
"509","Roanoke","VA",458,"Falling Creek Reservoir",3350,"Roanoke | VA",TRUE
"510","Roanoke","VA",458,"Roanoke GW",3735,"Roanoke | VA",FALSE
"511","Roanoke","VA",458,"Roanoke River",3736,"Roanoke | VA",TRUE
"512","Roanoke","VA",458,"Spring Hollow Reservoir",3809,"Roanoke | VA",FALSE
"513","Rochester","NY",406,"Canadice Lake",3257,"Rochester | NY",FALSE
"514","Rochester","NY",406,"Hemlock Lake",3392,"Rochester | NY",TRUE
"515","Rockford","IL",347,"Rockford GW",3738,"Rockford | IL",FALSE
"516","Rockford","IL",347,"Rogue River",3740,"Rockford | IL",TRUE
"517","Sacramento","CA",300,"American River - Sacramento",4069,"Sacramento | CA",TRUE
"518","Sacramento","CA",300,"Sacramento GW",4070,"Sacramento | CA",FALSE
"519","Sacramento","CA",300,"Sacramento River - Sacramento",4068,"Sacramento | CA",FALSE
"520","Saginaw","MI",377,"Lake Huron",3487,"Saginaw | MI",TRUE
"521","Saint Louis","MO",189,"Mississippi River - Chain of Rocks Plant",2361,"Saint Louis | MO",TRUE
"522","Saint Louis","MO",189,"Missouri River - Howard Bend Plant",2360,"Saint Louis | MO",FALSE
"523","Saint Paul","MN",190,"Mississippi River - Coon Rapids",2362,"Saint Paul | MN",TRUE
"524","Saint Paul","MN",190,"Prairie du Chien-Jordan Aquifer",2363,"Saint Paul | MN",FALSE
"525","Saint Petersburg","FL",192,"Floridan Aquifer",2560,"Saint Petersburg | FL",TRUE
"526","Salem","OR",420,"North Santiam River",3658,"Salem | OR",TRUE
"527","Salinas","CA",301,"Salinas GW",3751,"Salinas | CA",TRUE
"528","Salt Lake City","UT",456,"Jordan River",4073,"Salt Lake City | UT",TRUE
"529","Salt Lake City","UT",456,"Salt Lake City GW",4074,"Salt Lake City | UT",FALSE
"530","San Antonio","TX",157,"Canyon Lake",2159,"San Antonio | TX",FALSE
"531","San Antonio","TX",157,"Carrizo Aquifer",2157,"San Antonio | TX",FALSE
"532","San Antonio","TX",157,"Edwards Aquifer",2156,"San Antonio | TX",FALSE
"533","San Antonio","TX",157,"Lake Dunlap",4028,"San Antonio | TX",TRUE
"534","San Antonio","TX",157,"Medina Lake",4029,"San Antonio | TX",TRUE
"535","San Antonio","TX",157,"Trinity Aquifer",2158,"San Antonio | TX",FALSE
"536","San Diego","CA",158,"Barrett Reservoir",2170,"San Diego | CA",TRUE
"537","San Diego","CA",158,"Castaic Lake",2176,"San Diego | CA",TRUE
"538","San Diego","CA",158,"Clifton Forebay",2190,"San Diego | CA",TRUE
"539","San Diego","CA",158,"Diamond Valley Lake",2191,"San Diego | CA",TRUE
"540","San Diego","CA",158,"El Capitan Lake",2164,"San Diego | CA",TRUE
"541","San Diego","CA",158,"Folsom Lake",2177,"San Diego | CA",TRUE
"542","San Diego","CA",158,"Hodges Reservoir",2168,"San Diego | CA",TRUE
"543","San Diego","CA",158,"Lake Mathews",2181,"San Diego | CA",TRUE
"544","San Diego","CA",158,"Lake Miramar",2162,"San Diego | CA",TRUE
"545","San Diego","CA",158,"Lake Oroville",2183,"San Diego | CA",TRUE
"546","San Diego","CA",158,"Lewiston Lake",2189,"San Diego | CA",TRUE
"547","San Diego","CA",158,"Little Panoche Reservoir",2186,"San Diego | CA",TRUE
"548","San Diego","CA",158,"Los Banos Reservoir",2185,"San Diego | CA",TRUE
"549","San Diego","CA",158,"Lower Otay Lake",2165,"San Diego | CA",TRUE
"550","San Diego","CA",158,"Morena Reservoir",2171,"San Diego | CA",FALSE
"551","San Diego","CA",158,"Murray Reservoir",2163,"San Diego | CA",TRUE
"552","San Diego","CA",158,"New Melones Lake",2184,"San Diego | CA",TRUE
"553","San Diego","CA",158,"Perris Reservoir",2179,"San Diego | CA",TRUE
"554","San Diego","CA",158,"Pyramid Lake",2188,"San Diego | CA",TRUE
"555","San Diego","CA",158,"Quail Lake",2187,"San Diego | CA",FALSE
"556","San Diego","CA",158,"San Luis Reservoir",2175,"San Diego | CA",TRUE
"557","San Diego","CA",158,"San Vicente Reservoir",2167,"San Diego | CA",TRUE
"558","San Diego","CA",158,"Shasta Lake",2172,"San Diego | CA",TRUE
"559","San Diego","CA",158,"Silverwood Lake",2182,"San Diego | CA",TRUE
"560","San Diego","CA",158,"Skinner Reservoir",2180,"San Diego | CA",TRUE
"561","San Diego","CA",158,"Sutherland Reservoir",2169,"San Diego | CA",FALSE
"562","San Diego","CA",158,"Trinity Lake",2174,"San Diego | CA",FALSE
"563","San Diego","CA",158,"Upper Otay Lake",2166,"San Diego | CA",FALSE
"564","San Diego","CA",158,"Whiskeytown Lake",2173,"San Diego | CA",TRUE
"565","San Francisco","CA",166,"Don Pedro Reservoir",2282,"San Francisco | CA",TRUE
"566","San Francisco","CA",166,"Moccasin Reservoir",2281,"San Francisco | CA",FALSE
"567","San Francisco","CA",166,"San Andreas Lake",2280,"San Francisco | CA",TRUE
"568","San Jose","CA",163,"Almaden Reservoir",2262,"San Jose | CA",TRUE
"569","San Jose","CA",163,"Anderson Lake",2260,"San Jose | CA",TRUE
"570","San Jose","CA",163,"Calaveras Reservoir",2253,"San Jose | CA",TRUE
"571","San Jose","CA",163,"Calero Reservoir",2261,"San Jose | CA",TRUE
"572","San Jose","CA",163,"Cherry Lake",2254,"San Jose | CA",TRUE
"573","San Jose","CA",163,"Chesbro Reservoir",2264,"San Jose | CA",TRUE
"574","San Jose","CA",163,"Coyote Lake",2263,"San Jose | CA",FALSE
"575","San Jose","CA",163,"Gilroy-Hollister Valley Basin",2271,"San Jose | CA",FALSE
"576","San Jose","CA",163,"Guadalupe Reservoir",2265,"San Jose | CA",TRUE
"577","San Jose","CA",163,"Hetch Hetchy Reservoir",2252,"San Jose | CA",TRUE
"578","San Jose","CA",163,"Lake del Valle",2251,"San Jose | CA",TRUE
"579","San Jose","CA",163,"Lake Eleanor",2255,"San Jose | CA",TRUE
"580","San Jose","CA",163,"Lake Elsman",2272,"San Jose | CA",FALSE
"581","San Jose","CA",163,"Lexington Reservoir",2266,"San Jose | CA",FALSE
"582","San Jose","CA",163,"Lower Crystal Springs Reservoir",2256,"San Jose | CA",TRUE
"583","San Jose","CA",163,"Pilarcitos Lake",2258,"San Jose | CA",TRUE
"584","San Jose","CA",163,"Priest Reservoir",2259,"San Jose | CA",TRUE
"585","San Jose","CA",163,"San Antonio Reservoir",2250,"San Jose | CA",TRUE
"586","San Jose","CA",163,"Santa Clara Valley Basin",2270,"San Jose | CA",FALSE
"587","San Jose","CA",163,"Santa Clara Valley Basin - SCVWD Wells",2529,"San Jose | CA",FALSE
"588","San Jose","CA",163,"Stevens Creek Reservoir",2269,"San Jose | CA",TRUE
"589","San Jose","CA",163,"Upper Crystal Springs Reservoir",2257,"San Jose | CA",FALSE
"590","San Jose","CA",163,"Uvas Reservoir",2267,"San Jose | CA",TRUE
"591","San Jose","CA",163,"Vasona Reservoir",2268,"San Jose | CA",TRUE
"592","Santa Ana","CA",188,"Orange County Basin",2359,"Santa Ana | CA",TRUE
"593","Santa Barbara","CA",302,"Bradbury Dam",3241,"Santa Barbara | CA",TRUE
"594","Santa Barbara","CA",302,"Gibraltar Reservoir",3369,"Santa Barbara | CA",FALSE
"595","Santa Barbara","CA",302,"Santa Barbara GW",3768,"Santa Barbara | CA",FALSE
"596","Santa Clarita","CA",303,"Santa Clarita GW",3770,"Santa Clarita | CA",TRUE
"597","Santa Clarita","CA",303,"Saugus Formation",3776,"Santa Clarita | CA",TRUE
"598","Santa Cruz","CA",304,"Laguna Creek",4057,"Santa Cruz | CA",TRUE
"599","Santa Cruz","CA",304,"Loch Lomond Reservoir",3566,"Santa Cruz | CA",FALSE
"600","Santa Cruz","CA",304,"Majors Creek",3655,"Santa Cruz | CA",FALSE
"601","Santa Cruz","CA",304,"Purisima Aquifer",3715,"Santa Cruz | CA",FALSE
"602","Santa Cruz","CA",304,"San Lorenzo River",3763,"Santa Cruz | CA",TRUE
"603","Santa Fe","NM",561,"McClure Reservoir",4246,"Santa Fe | NM",FALSE
"604","Santa Fe","NM",561,"Nichols Reservoir",4247,"Santa Fe | NM",TRUE
"605","Santa Fe","NM",561,"Rio Grande - Buckman Diversion",4248,"Santa Fe | NM",TRUE
"606","Santa Fe","NM",561,"Santa Fe Groundwater",4249,"Santa Fe | NM",FALSE
"607","Santa Maria","CA",305,"Santa Maria GW",3773,"Santa Maria | CA",TRUE
"608","Santa Rosa","CA",306,"Lake Mendocino",3502,"Santa Rosa | CA",FALSE
"609","Santa Rosa","CA",306,"Lake Pillsbury",3518,"Santa Rosa | CA",TRUE
"610","Santa Rosa","CA",306,"Lake Sonoma",3529,"Santa Rosa | CA",FALSE
"611","Santa Rosa","CA",306,"Russian River Alluvial Aquifer",3745,"Santa Rosa | CA",FALSE
"612","Santa Rosa","CA",306,"Russian River to Mirabel Dam",4053,"Santa Rosa | CA",TRUE
"613","Santa Rosa","CA",306,"Santa Rosa Plain GW",3774,"Santa Rosa | CA",FALSE
"614","Savannah","GA",336,NA,NA,"Savannah | GA",TRUE
"615","Scranton","PA",426,"Griffin Reservoir",3381,"Scranton | PA",TRUE
"616","Scranton","PA",426,"Lake Scranton Reservoir",3527,"Scranton | PA",TRUE
"617","Scranton","PA",426,"Summit Lake Reservoir",3823,"Scranton | PA",TRUE
"618","Seattle","WA",174,"Cedar River - Landsburg diversion dam",2305,"Seattle | WA",TRUE
"619","Seattle","WA",174,"South Fork Tolt Reservoir",2306,"Seattle | WA",TRUE
"620","Shreveport","LA",364,"Cross Lake",3305,"Shreveport | LA",TRUE
"621","Shreveport","LA",364,"Twelve Mile Bayou",3844,"Shreveport | LA",TRUE
"622","Simi Valley","CA",307,"Simi Valley GW Basin",3793,"Simi Valley | CA",TRUE
"623","Sioux City","IA",343,"Dakota Sandstone Aquifer - Sioux City",3313,"Sioux City | IA",FALSE
"624","Sioux City","IA",343,"Missouri River Alluvial Aquifer",3623,"Sioux City | IA",TRUE
"625","Sioux Falls","SD",433,"Big Sioux Aquifer",3224,"Sioux Falls | SD",FALSE
"626","Sioux Falls","SD",433,"Big Sioux River",3225,"Sioux Falls | SD",TRUE
"627","Sioux Falls","SD",433,"Middle Skunk Creek Aquifer",3611,"Sioux Falls | SD",FALSE
"628","Sioux Falls","SD",433,"Split Rock Creek Aquifer",3807,"Sioux Falls | SD",FALSE
"629","South Bend","IN",353,"Hilltop Aquifer",3396,"South Bend | IN",TRUE
"630","South Bend","IN",353,"St. Joseph Aquifer",3812,"South Bend | IN",TRUE
"631","Spartanburg","SC",432,"Lake Blalock",3452,"Spartanburg | SC",TRUE
"632","Spartanburg","SC",432,"Lake Bowen",3454,"Spartanburg | SC",FALSE
"633","Spartanburg","SC",432,"Municipal Reservoir No. 1",3638,"Spartanburg | SC",FALSE
"634","Spokane","WA",464,"Spokane Valley Rathdrum Prairie Aquifer",3808,"Spokane | WA",TRUE
"635","Springfield","IL",348,"Lake Springfield",3532,"Springfield | IL",TRUE
"636","Springfield","IL",348,"Sangamon River",3766,"Springfield | IL",TRUE
"637","Springfield","MA",367,"Cobble Mountain Reservoir",3293,"Springfield | MA",TRUE
"638","Springfield","MO",379,"Fellows Lake",3355,"Springfield | MO",FALSE
"639","Springfield","MO",379,"Fulbright Spring",3365,"Springfield | MO",FALSE
"640","Springfield","MO",379,"James River",3420,"Springfield | MO",TRUE
"641","Springfield","MO",379,"McDaniel Lake",3592,"Springfield | MO",FALSE
"642","Springfield","MO",379,"Springfield MO GW",3810,"Springfield | MO",FALSE
"643","Springfield","MO",379,"Stockton Lake",3818,"Springfield | MO",TRUE
"644","Stockton","CA",308,"New Hogan Reservoir",3649,"Stockton | CA",TRUE
"645","Stockton","CA",308,"San Joaquin Co. GW",3759,"Stockton | CA",FALSE
"646","Stockton","CA",308,"Stockton GW",3817,"Stockton | CA",FALSE
"647","Syracuse","NY",407,"Skaneateles Lake",3798,"Syracuse | NY",TRUE
"648","Tallahassee","FL",331,"Floridan Aquifer",3360,"Tallahassee | FL",TRUE
"649","Tampa","FL",186,"Alafia River",2344,"Tampa | FL",TRUE
"650","Tampa","FL",186,"Floridan Aquifer",2345,"Tampa | FL",FALSE
"651","Tampa","FL",186,"Hillsborough River",2343,"Tampa | FL",TRUE
"652","Thousand Oaks","CA",309,"Lake Oroville",2183,"Thousand Oaks | CA",TRUE
"653","Toledo","OH",414,"Lake Erie",3469,"Toledo | OH",TRUE
"654","Topeka","KS",354,"Kansas River",3427,"Topeka | KS",TRUE
"655","Trenton","NJ",400,"Delaware River",3316,"Trenton | NJ",TRUE
"656","Tucson","AZ",288,"Lake Havasu",3481,"Tucson | AZ",TRUE
"657","Tucson","AZ",288,"Tucson_GW",3841,"Tucson | AZ",FALSE
"658","Tulsa","OK",417,"Lake Eucha",3470,"Tulsa | OK",FALSE
"659","Tulsa","OK",417,"Lake Hudson",3486,"Tulsa | OK",TRUE
"660","Tulsa","OK",417,"Lake Oologah",3514,"Tulsa | OK",TRUE
"661","Tulsa","OK",417,"Lake Spavinaw",3530,"Tulsa | OK",TRUE
"662","Tuscaloosa","AL",285,"Harris Lake",3387,"Tuscaloosa | AL",FALSE
"663","Tuscaloosa","AL",285,"Lake Nicol",3509,"Tuscaloosa | AL",FALSE
"664","Tuscaloosa","AL",285,"Lake Tuscaloosa",3539,"Tuscaloosa | AL",TRUE
"665","Tyler","TX",453,"Carrizo-Wilcox Aquifer",3266,"Tyler | TX",FALSE
"666","Tyler","TX",453,"Lake Palestine",3516,"Tyler | TX",TRUE
"667","Tyler","TX",453,"Lake Tyler",3540,"Tyler | TX",TRUE
"668","Tyler","TX",453,"Lake Tyler East",3541,"Tyler | TX",TRUE
"669","Utica","NY",408,"Hinckley Reservoir",3397,"Utica | NY",TRUE
"670","Vallejo","CA",310,"Lake Frey",3474,"Vallejo | CA",TRUE
"671","Vallejo","CA",310,"Lake Madigan",3497,"Vallejo | CA",FALSE
"672","Vallejo","CA",310,"Sacramento River - North Bay aqueduct intake",3747,"Vallejo | CA",TRUE
"673","Virginia Beach","VA",459,"Lake Burnt Mills",3457,"Virginia Beach | VA",FALSE
"674","Virginia Beach","VA",459,"Lake Gaston",3476,"Virginia Beach | VA",TRUE
"675","Virginia Beach","VA",459,"Lake Prince",3520,"Virginia Beach | VA",FALSE
"676","Virginia Beach","VA",459,"Virginia Beach GW",3854,"Virginia Beach | VA",FALSE
"677","Virginia Beach","VA",459,"Western Branch Reservoir-VA",3868,"Virginia Beach | VA",TRUE
"678","Visalia","CA",311,"Visalia-GW",3855,"Visalia | CA",TRUE
"679","Waco","TX",454,"Lake Belton",3449,"Waco | TX",TRUE
"680","Waco","TX",454,"Lake Waco",3543,"Waco | TX",TRUE
"681","Washington","D.C.",175,"Potomac River - Dalecarlia Reservoir",2309,"Washington | D.C.",TRUE
"682","Washington","D.C.",175,"Potomac River - McMillan WTP",2310,"Washington | D.C.",FALSE
"683","Waterbury","CT",318,"Cairnes Reservoir",3254,"Waterbury | CT",FALSE
"684","Waterbury","CT",318,"Morris Reservoir",3633,"Waterbury | CT",FALSE
"685","Waterbury","CT",318,"Pitch Reservoir",3694,"Waterbury | CT",FALSE
"686","Waterbury","CT",318,"Shepaug Reservoir",3787,"Waterbury | CT",TRUE
"687","Waterbury","CT",318,"Wigwam Reservoir",3874,"Waterbury | CT",TRUE
"688","Waterloo","IA",341,"Cedar River Alluvial Aquifer - Waterloo",4035,"Waterloo | IA",TRUE
"689","Waterloo","IA",341,"Cedar Valley Aquifer",3275,"Waterloo | IA",FALSE
"690","Wichita","KA",355,"Cheney Reservoir",3281,"Wichita | KA",TRUE
"691","Wichita","KA",355,"Equus Beds- High Plains Aquifer",3345,"Wichita | KA",FALSE
"692","Wilmington","NC",392,"Cape Fear River - Wilmington",4034,"Wilmington | NC",TRUE
"693","Wilmington","NC",392,"Castle Hayne Aquifer",3269,"Wilmington | NC",FALSE
"694","Winston-Salem","NC",393,"Salem Lake",3750,"Winston-Salem | NC",TRUE
"695","Winston-Salem","NC",393,"Yadkin River - Winston-Salem",4052,"Winston-Salem | NC",TRUE
"696","Winter Haven","FL",332,"Floridan Aquifer",3360,"Winter Haven | FL",TRUE
"697","Worcester","MA",368,"Coal Mine Brook Well",3292,"Worcester | MA",FALSE
"698","Worcester","MA",368,"Holden Reservoir No. 1",3399,"Worcester | MA",FALSE
"699","Worcester","MA",368,"Holden Reservoir No. 2",3400,"Worcester | MA",TRUE
"700","Worcester","MA",368,"Kendal Reservoir",3428,"Worcester | MA",FALSE
"701","Worcester","MA",368,"Kettle Brook Reservoir No. 1",3433,"Worcester | MA",FALSE
"702","Worcester","MA",368,"Kettle Brook Reservoir No. 2",3434,"Worcester | MA",FALSE
"703","Worcester","MA",368,"Kettle Brook Reservoir No. 3",3435,"Worcester | MA",FALSE
"704","Worcester","MA",368,"Kettle Brook Reservoir No. 4",3436,"Worcester | MA",FALSE
"705","Worcester","MA",368,"Lynde Brook Reservoir",3578,"Worcester | MA",TRUE
"706","Worcester","MA",368,"Pine Hill Reservoir",3692,"Worcester | MA",FALSE
"707","Worcester","MA",368,"Quinapoxet Reservoir",4075,"Worcester | MA",TRUE
"708","Worcester","MA",368,"Shrewsbury Well",3789,"Worcester | MA",FALSE
"709","Yakima","WA",463,"Ellensburg Aquifer",3344,"Yakima | WA",FALSE
"710","Yakima","WA",463,"Naches River",3642,"Yakima | WA",TRUE
"711","York","PA",427,"Lake Redman",3523,"York | PA",FALSE
"712","York","PA",427,"Lake Williams",3546,"York | PA",FALSE
"713","York","PA",427,"Susquehanna River - York",4038,"York | PA",TRUE
"714","Youngstown","OH",415,"Meander Reservoir",3598,"Youngstown | OH",TRUE
