"# IM3 Teleconnections: Sean Turner, Kristian Nelson, Jennie Rice",,,,
"# This table shows the external uses of select watersheds, and the ratio of area used. ",,,,
Watershed_DVSN_ID,intake,Withdraw_DVSN_ID,city_state,ratio
2141,Lake Livingston,2141,Houston | TX,1
2141,Lake Livingston,2192,Dallas | TX,0.147641652
2141,Lake Livingston,2196,Dallas | TX,0.067122806
2141,Lake Livingston,2291,Fort Worth | TX,0.124257203
2141,Lake Livingston,2292,Fort Worth | TX,0.025753279
2141,Lake Livingston,2293,Fort Worth | TX,0.061684858
2141,Lake Livingston,2294,Fort Worth | TX,0.117686471
2143,Lake Houston,2143,Houston | TX,1
2145,Schuylkill River - Belmont Plant,2145,Philadelphia | PA,1
2145,Schuylkill River - Belmont Plant,3513,Reading | PA,0.115552558
2146,Delaware River - Baxter Plant,2146,Philadelphia | PA,1
2146,Delaware River - Baxter Plant,2229,New York | NY,0.058852729
2146,Delaware River - Baxter Plant,2230,New York | NY,0.047988385
2146,Delaware River - Baxter Plant,2232,New York | NY,0.011737075
2146,Delaware River - Baxter Plant,3316,Trenton | NJ,0.883050416
2148,Lake Pleasant,2148,Mesa | AZ,1
2148,Lake Pleasant,2148,Phoenix | AZ,1
2148,Lake Pleasant,2148,Tucson | AZ,1
2152,Saguaro Lake,2152,Mesa | AZ,1
2152,Saguaro Lake,2152,Phoenix | AZ,1
2154,Bartlett Reservoir,2154,Mesa | AZ,1
2154,Bartlett Reservoir,2154,Phoenix | AZ,1
2155,C. C. Cragin Reservoir,2155,Mesa | AZ,1
2155,C. C. Cragin Reservoir,2155,Phoenix | AZ,1
3481,Lake Havasu,2155,Mesa | AZ,4.14E-04
3481,Lake Havasu,2155,Phoenix | AZ,4.14E-04
3481,Lake Havasu,2311,Denver | CO,0.002019706
3481,Lake Havasu,2312,Denver | CO,0.001329575
3481,Lake Havasu,2320,Denver | CO,1.14E-04
3481,Lake Havasu,2327,Las Vegas | NV,0.939637383
3481,Lake Havasu,2358,Aurora | CO,9.09E-05
3481,Lake Havasu,2358,Colorado Springs | CO,9.09E-05
3481,Lake Havasu,3380,Boulder | CO,0.003299325
3481,Lake Havasu,3380,Fort Collins | CO,0.003299325
3481,Lake Havasu,3481,Long Beach | CA,1
3481,Lake Havasu,3481,Los Angeles | CA,1
3481,Lake Havasu,3481,Mesa | AZ,1
3481,Lake Havasu,3481,Mission Viejo | CA,1
3481,Lake Havasu,3481,Oxnard | CA,1
3481,Lake Havasu,3481,Phoenix | AZ,1
3481,Lake Havasu,3481,San Diego | CA,1
3481,Lake Havasu,3481,Santa Ana | CA,1
3481,Lake Havasu,3481,Simi Valley | CA,1
3481,Lake Havasu,3481,Tucson | AZ,1
3481,Lake Havasu,3383,Colorado Springs | CO,9.68E-05
3481,Lake Havasu,3744,Colorado Springs | CO,0.001394657
3481,Lake Havasu,3744,Pueblo | CO,0.001394657
3481,Lake Havasu,3850,Colorado Springs | CO,2.28E-05
3481,Lake Havasu,3880,Boulder | CO,0.004503415
3481,Lake Havasu,3880,Fort Collins | CO,0.004503415
2327,Lake Mead,2155,Mesa | AZ,4.40E-04
2327,Lake Mead,2155,Phoenix | AZ,4.40E-04
2327,Lake Mead,2311,Denver | CO,0.002149453
2327,Lake Mead,2312,Denver | CO,0.001414987
2327,Lake Mead,2320,Denver | CO,1.21E-04
2327,Lake Mead,2327,Las Vegas | NV,1
2327,Lake Mead,2358,Aurora | CO,9.67E-05
2327,Lake Mead,2358,Colorado Springs | CO,9.67E-05
2327,Lake Mead,3380,Boulder | CO,0.003511275
2327,Lake Mead,3380,Fort Collins | CO,0.003511275
2327,Lake Mead,3383,Colorado Springs | CO,1.03E-04
2327,Lake Mead,3744,Colorado Springs | CO,0.001484251
2327,Lake Mead,3744,Pueblo | CO,0.001484251
2327,Lake Mead,3850,Colorado Springs | CO,2.43E-05
2327,Lake Mead,3880,Boulder | CO,0.004792715
2327,Lake Mead,3880,Fort Collins | CO,0.004792715
2163,Murray Reservoir,2163,San Diego | CA,1
2164,El Capitan Lake,2164,San Diego | CA,1
2165,Lower Otay Lake,2165,San Diego | CA,1
2167,San Vicente Reservoir,2167,San Diego | CA,1
2168,Hodges Reservoir,2168,San Diego | CA,1
2170,Barrett Reservoir,2170,San Diego | CA,1
4069,American River - Sacramento,2172,Long Beach | CA,0.283849052
4069,American River - Sacramento,2172,Los Angeles | CA,0.283849052
4069,American River - Sacramento,2172,San Diego | CA,0.283849052
4069,American River - Sacramento,2172,Santa Ana | CA,0.283849052
4069,American River - Sacramento,2173,Long Beach | CA,0.007755889
4069,American River - Sacramento,2173,Los Angeles | CA,0.007755889
4069,American River - Sacramento,2173,Redding | CA,0.007755889
4069,American River - Sacramento,2173,San Diego | CA,0.007755889
4069,American River - Sacramento,2173,Santa Ana | CA,0.007755889
4069,American River - Sacramento,2177,Long Beach | CA,0.071973598
4069,American River - Sacramento,2177,Los Angeles | CA,0.071973598
4069,American River - Sacramento,2177,San Diego | CA,0.071973598
4069,American River - Sacramento,2177,Santa Ana | CA,0.071973598
4069,American River - Sacramento,2183,Fairfield | CA,0.138855431
4069,American River - Sacramento,2183,Long Beach | CA,0.138855431
4069,American River - Sacramento,2183,Los Angeles | CA,0.138855431
4069,American River - Sacramento,2183,San Diego | CA,0.138855431
4069,American River - Sacramento,2183,Santa Ana | CA,0.138855431
4069,American River - Sacramento,2183,Santa Barbara | CA,0.138855431
4069,American River - Sacramento,2183,Santa Clarita | CA,0.138855431
4069,American River - Sacramento,2183,Santa Maria | CA,0.138855431
4069,American River - Sacramento,2183,Simi Valley | CA,0.138855431
4069,American River - Sacramento,2183,Vallejo | CA,0.138855431
4069,American River - Sacramento,4041,Redding | CA,0.286405734
4069,American River - Sacramento,4069,Sacramento | CA,1
4041,Sacramento River - Redding,2172,Long Beach | CA,0.991073218
4041,Sacramento River - Redding,2172,Los Angeles | CA,0.991073218
4041,Sacramento River - Redding,2172,San Diego | CA,0.991073218
4041,Sacramento River - Redding,2172,Santa Ana | CA,0.991073218
4041,Sacramento River - Redding,4041,Redding | CA,1
2172,Shasta Lake,2172,Long Beach | CA,1
2172,Shasta Lake,2172,Los Angeles | CA,1
2172,Shasta Lake,2172,San Diego | CA,1
2172,Shasta Lake,2172,Santa Ana | CA,1
2173,Whiskeytown Lake,2173,Long Beach | CA,1
2173,Whiskeytown Lake,2173,Los Angeles | CA,1
2173,Whiskeytown Lake,2173,Redding | CA,1
2173,Whiskeytown Lake,2173,San Diego | CA,1
2173,Whiskeytown Lake,2173,Santa Ana | CA,1
3625,Modesto Reservoir,2175,Long Beach | CA,0.007046447
3625,Modesto Reservoir,2175,Los Angeles | CA,0.007046447
3625,Modesto Reservoir,2175,San Diego | CA,0.007046447
3625,Modesto Reservoir,2175,San Jose | CA,0.007046447
3625,Modesto Reservoir,2175,Santa Ana | CA,0.007046447
3625,Modesto Reservoir,2175,Santa Barbara | CA,0.007046447
3625,Modesto Reservoir,2175,Santa Clarita | CA,0.007046447
3625,Modesto Reservoir,2175,Santa Maria | CA,0.007046447
3625,Modesto Reservoir,2175,Simi Valley | CA,0.007046447
3625,Modesto Reservoir,2185,Long Beach | CA,0.01277487
3625,Modesto Reservoir,2185,Los Angeles | CA,0.01277487
3625,Modesto Reservoir,2185,San Diego | CA,0.01277487
3625,Modesto Reservoir,2185,Santa Ana | CA,0.01277487
3625,Modesto Reservoir,2186,Long Beach | CA,0.006572744
3625,Modesto Reservoir,2186,Los Angeles | CA,0.006572744
3625,Modesto Reservoir,2186,San Diego | CA,0.006572744
3625,Modesto Reservoir,2186,Santa Ana | CA,0.006572744
3625,Modesto Reservoir,3614,Fresno | CA,0.131177248
3625,Modesto Reservoir,3691,Fresno | CA,0.121303544
3760,San Joaquin River,2175,Long Beach | CA,0.004348801
3760,San Joaquin River,2175,Los Angeles | CA,0.004348801
3760,San Joaquin River,2175,San Diego | CA,0.004348801
3760,San Joaquin River,2175,San Jose | CA,0.004348801
3760,San Joaquin River,2175,Santa Ana | CA,0.004348801
3760,San Joaquin River,2175,Santa Barbara | CA,0.004348801
3760,San Joaquin River,2175,Santa Clarita | CA,0.004348801
3760,San Joaquin River,2175,Santa Maria | CA,0.004348801
3760,San Joaquin River,2175,Simi Valley | CA,0.004348801
3760,San Joaquin River,2184,Long Beach | CA,0.044524883
3760,San Joaquin River,2184,Los Angeles | CA,0.044524883
3760,San Joaquin River,2184,San Diego | CA,0.044524883
3760,San Joaquin River,2184,Santa Ana | CA,0.044524883
3760,San Joaquin River,2184,Stockton | CA,0.044524883
3760,San Joaquin River,2185,Long Beach | CA,0.007884166
3760,San Joaquin River,2185,Los Angeles | CA,0.007884166
3760,San Joaquin River,2185,San Diego | CA,0.007884166
3760,San Joaquin River,2185,Santa Ana | CA,0.007884166
3760,San Joaquin River,2186,Long Beach | CA,0.004056449
3760,San Joaquin River,2186,Los Angeles | CA,0.004056449
3760,San Joaquin River,2186,San Diego | CA,0.004056449
3760,San Joaquin River,2186,Santa Ana | CA,0.004056449
3760,San Joaquin River,2190,Bakersfield | CA,0.013065785
3760,San Joaquin River,2190,Concord | CA,0.013065785
3760,San Joaquin River,2190,Long Beach | CA,0.013065785
3760,San Joaquin River,2190,Los Angeles | CA,0.013065785
3760,San Joaquin River,2190,Mission Viejo | CA,0.013065785
3760,San Joaquin River,2190,Oxnard | CA,0.013065785
3760,San Joaquin River,2190,San Diego | CA,0.013065785
3760,San Joaquin River,2190,San Jose | CA,0.013065785
3760,San Joaquin River,2190,Santa Ana | CA,0.013065785
3760,San Joaquin River,2190,Santa Barbara | CA,0.013065785
3760,San Joaquin River,2190,Santa Clarita | CA,0.013065785
3760,San Joaquin River,2190,Santa Maria | CA,0.013065785
3760,San Joaquin River,2190,Simi Valley | CA,0.013065785
3760,San Joaquin River,2190,Thousand Oaks | CA,0.013065785
3760,San Joaquin River,2252,San Jose | CA,0.022228557
3760,San Joaquin River,2254,San Jose | CA,0.006084416
3760,San Joaquin River,2255,San Jose | CA,0.00379442
3760,San Joaquin River,2259,San Jose | CA,0.001115645
3760,San Joaquin River,2282,San Francisco | CA,0.074252057
3760,San Joaquin River,2340,Berkeley | CA,0.030658661
3760,San Joaquin River,2340,Oakland | CA,0.030658661
3760,San Joaquin River,3571,Concord | CA,9.79E-04
3760,San Joaquin River,3614,Fresno | CA,0.080957632
3760,San Joaquin River,3691,Fresno | CA,0.074863956
3760,San Joaquin River,3625,Modesto | CA,0.617162147
3760,San Joaquin River,3649,Stockton | CA,0.017374643
3760,San Joaquin River,3760,Antioch | CA,1
3760,San Joaquin River,4056,Modesto | CA,0.07489834
3760,San Joaquin River,3301,Concord | CA,2.03E-04
2175,San Luis Reservoir,2175,Long Beach | CA,1
2175,San Luis Reservoir,2175,Los Angeles | CA,1
2175,San Luis Reservoir,2175,San Diego | CA,1
2175,San Luis Reservoir,2175,San Jose | CA,1
2175,San Luis Reservoir,2175,Santa Ana | CA,1
2175,San Luis Reservoir,2175,Santa Barbara | CA,1
2175,San Luis Reservoir,2175,Santa Clarita | CA,1
2175,San Luis Reservoir,2175,Santa Maria | CA,1
2175,San Luis Reservoir,2175,Simi Valley | CA,1
2176,Castaic Lake,2176,Long Beach | CA,1
2176,Castaic Lake,2176,Los Angeles | CA,1
2176,Castaic Lake,2176,San Diego | CA,1
2176,Castaic Lake,2176,Santa Ana | CA,1
2176,Castaic Lake,2176,Santa Clarita | CA,1
2176,Castaic Lake,2176,Simi Valley | CA,1
2177,Folsom Lake,2177,Long Beach | CA,1
2177,Folsom Lake,2177,Los Angeles | CA,1
2177,Folsom Lake,2177,San Diego | CA,1
2177,Folsom Lake,2177,Santa Ana | CA,1
2179,Perris Reservoir,2179,Long Beach | CA,1
2179,Perris Reservoir,2179,Los Angeles | CA,1
2179,Perris Reservoir,2179,Mission Viejo | CA,1
2179,Perris Reservoir,2179,Oxnard | CA,1
2179,Perris Reservoir,2179,San Diego | CA,1
2179,Perris Reservoir,2179,Santa Ana | CA,1
2179,Perris Reservoir,2179,Santa Clarita | CA,1
2179,Perris Reservoir,2179,Simi Valley | CA,1
2180,Skinner Reservoir,2180,Long Beach | CA,1
2180,Skinner Reservoir,2180,Los Angeles | CA,1
2180,Skinner Reservoir,2180,Mission Viejo | CA,1
2180,Skinner Reservoir,2180,Oxnard | CA,1
2180,Skinner Reservoir,2180,San Diego | CA,1
2180,Skinner Reservoir,2180,Santa Ana | CA,1
2180,Skinner Reservoir,2180,Simi Valley | CA,1
2181,Lake Mathews,2181,Long Beach | CA,1
2181,Lake Mathews,2181,Los Angeles | CA,1
2181,Lake Mathews,2181,Mission Viejo | CA,1
2181,Lake Mathews,2181,Oxnard | CA,1
2181,Lake Mathews,2181,San Diego | CA,1
2181,Lake Mathews,2181,Santa Ana | CA,1
2181,Lake Mathews,2181,Simi Valley | CA,1
2182,Silverwood Lake,2182,Long Beach | CA,1
2182,Silverwood Lake,2182,Los Angeles | CA,1
2182,Silverwood Lake,2182,Mission Viejo | CA,1
2182,Silverwood Lake,2182,Oxnard | CA,1
2182,Silverwood Lake,2182,San Diego | CA,1
2182,Silverwood Lake,2182,Santa Ana | CA,1
2182,Silverwood Lake,2182,Santa Clarita | CA,1
2182,Silverwood Lake,2182,Simi Valley | CA,1
2182,Silverwood Lake,2182,Thousand Oaks | CA,1
2183,Lake Oroville,2183,Fairfield | CA,1
2183,Lake Oroville,2183,Long Beach | CA,1
2183,Lake Oroville,2183,Los Angeles | CA,1
2183,Lake Oroville,2183,San Diego | CA,1
2183,Lake Oroville,2183,Santa Ana | CA,1
2183,Lake Oroville,2183,Santa Barbara | CA,1
2183,Lake Oroville,2183,Santa Clarita | CA,1
2183,Lake Oroville,2183,Santa Maria | CA,1
2183,Lake Oroville,2183,Simi Valley | CA,1
2183,Lake Oroville,2183,Vallejo | CA,1
2184,New Melones Lake,2184,Long Beach | CA,1
2184,New Melones Lake,2184,Los Angeles | CA,1
2184,New Melones Lake,2184,San Diego | CA,1
2184,New Melones Lake,2184,Santa Ana | CA,1
2184,New Melones Lake,2184,Stockton | CA,1
2185,Los Banos Reservoir,2185,Long Beach | CA,1
2185,Los Banos Reservoir,2185,Los Angeles | CA,1
2185,Los Banos Reservoir,2185,San Diego | CA,1
2185,Los Banos Reservoir,2185,Santa Ana | CA,1
2186,Little Panoche Reservoir,2186,Long Beach | CA,1
2186,Little Panoche Reservoir,2186,Los Angeles | CA,1
2186,Little Panoche Reservoir,2186,San Diego | CA,1
2186,Little Panoche Reservoir,2186,Santa Ana | CA,1
2188,Pyramid Lake,2188,Long Beach | CA,1
2188,Pyramid Lake,2188,Los Angeles | CA,1
2188,Pyramid Lake,2188,San Diego | CA,1
2188,Pyramid Lake,2188,Santa Ana | CA,1
2188,Pyramid Lake,2188,Santa Clarita | CA,1
2188,Pyramid Lake,2188,Simi Valley | CA,1
2189,Lewiston Lake,2189,Antioch | CA,1
2189,Lewiston Lake,2189,Bakersfield | CA,1
2189,Lewiston Lake,2189,Concord | CA,1
2189,Lewiston Lake,2189,Long Beach | CA,1
2189,Lewiston Lake,2189,Los Angeles | CA,1
2189,Lewiston Lake,2189,Mission Viejo | CA,1
2189,Lewiston Lake,2189,Oxnard | CA,1
2189,Lewiston Lake,2189,San Diego | CA,1
2189,Lewiston Lake,2189,Santa Ana | CA,1
2189,Lewiston Lake,2189,Santa Barbara | CA,1
2189,Lewiston Lake,2189,Santa Clarita | CA,1
2189,Lewiston Lake,2189,Santa Maria | CA,1
2189,Lewiston Lake,2189,Simi Valley | CA,1
2189,Lewiston Lake,2189,Thousand Oaks | CA,1
2191,Diamond Valley Lake,2191,Long Beach | CA,1
2191,Diamond Valley Lake,2191,Los Angeles | CA,1
2191,Diamond Valley Lake,2191,Mission Viejo | CA,1
2191,Diamond Valley Lake,2191,Oxnard | CA,1
2191,Diamond Valley Lake,2191,San Diego | CA,1
2191,Diamond Valley Lake,2191,Santa Ana | CA,1
2191,Diamond Valley Lake,2191,Simi Valley | CA,1
2192,Elm Fork of the Trinity River - Elm Fork WTP,2192,Dallas | TX,1
2196,Ray Hubbard Lake,2196,Dallas | TX,1
2197,Tawakoni Lake,2197,Dallas | TX,1
2198,Fork Lake,2198,Dallas | TX,1
2201,Bouquet Reservoir,2201,Los Angeles | CA,1
2203,Drinkwater Reservoir,2203,Los Angeles | CA,1
2204,Fairmont Reservoir,2204,Los Angeles | CA,1
2207,Los Angeles Reservoir,2207,Los Angeles | CA,1
2209,South Haiwee Reservoir,2209,Los Angeles | CA,1
2211,Tinemaha Reservoir,2211,Los Angeles | CA,1
2212,Lee Vining Creek,2212,Los Angeles | CA,1
2225,Independence Creek,2225,Los Angeles | CA,1
2226,Lone Pine Creek,2226,Los Angeles | CA,1
2228,Schoharie Reservoir,2228,New York | NY,1
2229,Cannonsville Reservoir,2229,New York | NY,1
3316,Delaware River,2229,New York | NY,0.066647076
3316,Delaware River,2230,New York | NY,0.054343879
3316,Delaware River,2232,New York | NY,0.013291511
3316,Delaware River,3316,Trenton | NJ,1
2230,Pepacton Reservoir,2230,New York | NY,1
2231,Ashokan Reservoir,2231,New York | NY,1
2232,Neversink Reservoir,2232,New York | NY,1
2233,Rondout Reservoir,2233,New York | NY,1
2241,New Croton Reservoir,2241,New York | NY,1
2246,Kenisco Reservoir,2246,New York | NY,1
2250,San Antonio Reservoir,2250,San Francisco | CA,1
2250,San Antonio Reservoir,2250,San Jose | CA,1
2251,Lake del Valle,2251,San Jose | CA,1
2282,Don Pedro Reservoir,2252,San Jose | CA,0.299366206
2282,Don Pedro Reservoir,2254,San Jose | CA,0.081942722
2282,Don Pedro Reservoir,2255,San Jose | CA,0.05110189
2282,Don Pedro Reservoir,2259,San Jose | CA,0.015025101
2282,Don Pedro Reservoir,2282,San Francisco | CA,1
2252,Hetch Hetchy Reservoir,2252,San Jose | CA,1
4056,Tuolumne River,2252,San Jose | CA,0.296783034
4056,Tuolumne River,2254,San Jose | CA,0.081235654
4056,Tuolumne River,2255,San Jose | CA,0.050660942
4056,Tuolumne River,2259,San Jose | CA,0.014895452
4056,Tuolumne River,2282,San Francisco | CA,0.991371197
4056,Tuolumne River,4056,Modesto | CA,1
2253,Calaveras Reservoir,2253,San Francisco | CA,1
2253,Calaveras Reservoir,2253,San Jose | CA,1
2254,Cherry Lake,2254,San Jose | CA,1
2255,Lake Eleanor,2255,San Jose | CA,1
2256,Lower Crystal Springs Reservoir,2256,San Francisco | CA,1
2256,Lower Crystal Springs Reservoir,2256,San Jose | CA,1
2258,Pilarcitos Lake,2258,San Francisco | CA,1
2258,Pilarcitos Lake,2258,San Jose | CA,1
2259,Priest Reservoir,2259,San Jose | CA,1
2260,Anderson Lake,2260,San Jose | CA,1
2261,Calero Reservoir,2261,San Jose | CA,1
2262,Almaden Reservoir,2262,San Jose | CA,1
2264,Chesbro Reservoir,2264,San Jose | CA,1
2265,Guadalupe Reservoir,2265,San Jose | CA,1
2267,Uvas Reservoir,2267,San Jose | CA,1
2268,Vasona Reservoir,2268,San Jose | CA,1
2269,Stevens Creek Reservoir,2269,San Jose | CA,1
4055,Mississippi River - New Orleans,2274,Indianapolis | IN,0.001302996
4055,Mississippi River - New Orleans,2278,Indianapolis | IN,1.31E-04
4055,Mississippi River - New Orleans,2285,Columbus | OH,9.10E-04
4055,Mississippi River - New Orleans,2287,Columbus | OH,1.62E-04
4055,Mississippi River - New Orleans,2316,Denver | CO,7.97E-05
4055,Mississippi River - New Orleans,2317,Aurora | CO,0.00212778
4055,Mississippi River - New Orleans,2317,Denver | CO,0.00212778
4055,Mississippi River - New Orleans,2318,Denver | CO,1.42E-04
4055,Mississippi River - New Orleans,2319,Denver | CO,3.89E-05
4055,Mississippi River - New Orleans,2341,Minneapolis | MN,0.015803759
4055,Mississippi River - New Orleans,2348,Aurora | CO,5.98E-06
4055,Mississippi River - New Orleans,2349,Aurora | CO,3.85E-06
4055,Mississippi River - New Orleans,2352,Aurora | CO,7.19E-06
4055,Mississippi River - New Orleans,2355,Aurora | CO,0.00375084
4055,Mississippi River - New Orleans,2355,Colorado Springs | CO,0.00375084
4055,Mississippi River - New Orleans,2355,Pueblo | CO,0.00375084
4055,Mississippi River - New Orleans,2357,Aurora | CO,7.57E-05
4055,Mississippi River - New Orleans,2357,Colorado Springs | CO,7.57E-05
4055,Mississippi River - New Orleans,2361,Saint Louis | MO,0.558305613
4055,Mississippi River - New Orleans,2362,Saint Paul | MN,0.015803759
4055,Mississippi River - New Orleans,3216,Asheville | NC,9.04E-06
4055,Mississippi River - New Orleans,3656,Asheville | NC,1.99E-05
4055,Mississippi River - New Orleans,3205,Boulder | CO,3.55E-05
4055,Mississippi River - New Orleans,3238,Boulder | CO,1.47E-05
4055,Mississippi River - New Orleans,3357,Boulder | CO,2.15E-05
4055,Mississippi River - New Orleans,3357,Fort Collins | CO,2.15E-05
4055,Mississippi River - New Orleans,3405,Fort Collins | CO,1.39E-05
4055,Mississippi River - New Orleans,3670,Boulder | CO,1.36E-04
4055,Mississippi River - New Orleans,3670,Fort Collins | CO,1.36E-04
4055,Mississippi River - New Orleans,3473,Fort Smith | AR,6.97E-05
4055,Mississippi River - New Orleans,3553,Fort Smith | AR,3.73E-04
4055,Mississippi River - New Orleans,3500,Little Rock | AR,0.000111998
4055,Mississippi River - New Orleans,3548,Little Rock | AR,3.60E-05
4055,Mississippi River - New Orleans,3504,Amarillo | TX,0.016010346
4055,Mississippi River - New Orleans,3504,Lubbock | TX,0.016010346
4055,Mississippi River - New Orleans,3417,Murfreesboro | TN,7.46E-04
4055,Mississippi River - New Orleans,3390,Oklahoma City | OK,1.33E-05
4055,Mississippi River - New Orleans,3593,Oklahoma City | OK,2.85E-05
4055,Mississippi River - New Orleans,3675,Oklahoma City | OK,0.01111281
4055,Mississippi River - New Orleans,3814,Oklahoma City | OK,2.54E-05
4055,Mississippi River - New Orleans,3532,Springfield | IL,2.24E-04
4055,Mississippi River - New Orleans,3818,Springfield | MO,9.41E-04
4055,Mississippi River - New Orleans,3486,Tulsa | OK,1.53E-05
4055,Mississippi River - New Orleans,3514,Tulsa | OK,0.003534566
4055,Mississippi River - New Orleans,3530,Tulsa | OK,3.23E-04
4055,Mississippi River - New Orleans,3281,Wichita | KS,8.09E-04
4055,Mississippi River - New Orleans,3598,Youngstown | OH,5.98E-05
4055,Mississippi River - New Orleans,3177,Pittsburgh | PA,0.009515143
4055,Mississippi River - New Orleans,3308,Colorado Springs | CO,2.86E-05
4055,Mississippi River - New Orleans,3629,Colorado Springs | CO,9.29E-06
4055,Mississippi River - New Orleans,3689,Colorado Springs | CO,1.81E-04
4055,Mississippi River - New Orleans,3305,Shreveport | LA,2.11E-04
4055,Mississippi River - New Orleans,3420,Springfield | MO,2.10E-04
4055,Mississippi River - New Orleans,3225,Sioux Falls | SD,0.003607322
4055,Mississippi River - New Orleans,3226,Colorado Springs | CO,1.16E-05
4055,Mississippi River - New Orleans,4030,Boulder | CO,2.57E-05
4055,Mississippi River - New Orleans,3252,Fort Collins | CO,8.69E-04
4055,Mississippi River - New Orleans,4031,Fort Collins | CO,8.37E-06
4055,Mississippi River - New Orleans,4033,Boulder | CO,3.50E-06
4055,Mississippi River - New Orleans,3273,Cedar Rapids | IA,0.005267527
4055,Mississippi River - New Orleans,4035,Waterloo | IA,0.004147778
4055,Mississippi River - New Orleans,3844,Shreveport | LA,0.046337726
4055,Mississippi River - New Orleans,4039,Clarksville | TN,0.011743023
4055,Mississippi River - New Orleans,3312,Nashville | TN,0.0095501
4055,Mississippi River - New Orleans,3623,Sioux City | IA,0.248787863
4055,Mississippi River - New Orleans,3318,Des Moines | IA,0.005184527
4055,Mississippi River - New Orleans,3721,Des Moines | IA,0.002927544
4055,Mississippi River - New Orleans,3342,Charleston | WV,0.001255658
4055,Mississippi River - New Orleans,4042,Evansville | IN,0.087167002
4055,Mississippi River - New Orleans,4043,Louisville | KY,0.074191309
4055,Mississippi River - New Orleans,4044,Huntington | WV,0.045242249
4055,Mississippi River - New Orleans,3668,Cincinnati | OH,0.062201414
4055,Mississippi River - New Orleans,4049,Knoxville | TN,0.007289957
4055,Mississippi River - New Orleans,4050,Chattanooga | TN,0.017392991
4055,Mississippi River - New Orleans,3834,Huntsville | AL,0.020828105
4055,Mississippi River - New Orleans,3412,Peoria | IL,0.01108575
4055,Mississippi River - New Orleans,4051,Omaha | NE,0.255682079
4055,Mississippi River - New Orleans,3622,Kansas City | MO,0.33644108
4055,Mississippi River - New Orleans,3427,Topeka | KS,0.046030885
4055,Mississippi River - New Orleans,3431,Lexington | KY,0.004111684
4055,Mississippi River - New Orleans,3616,Asheville | NC,5.95E-05
4055,Mississippi River - New Orleans,4055,New Orleans | LA,1
4055,Mississippi River - New Orleans,3621,Davenport | IA,0.072178624
4055,Mississippi River - New Orleans,3674,Monroe | LA,0.012645994
4055,Mississippi River - New Orleans,3696,Omaha | NE,0.068994631
4055,Mississippi River - New Orleans,3766,Springfield | IL,0.002335994
4055,Mississippi River - New Orleans,3861,Johnson City | TN,6.56E-04
4055,Mississippi River - New Orleans,3883,Billings | MT,0.009652883
2274,White River - White River Plant,2274,Indianapolis | IN,1
2278,Eagle Creek Reservoir,2278,Indianapolis | IN,1
2284,Colorado River (TX) - Albert H. Ullrich WTP,2284,Austin | TX,1
2284,Colorado River (TX) - Albert H. Ullrich WTP,3537,Odessa | TX,0.064225903
2284,Colorado River (TX) - Albert H. Ullrich WTP,3488,Abilene | TX,0.606050677
2284,Colorado River (TX) - Albert H. Ullrich WTP,3488,Odessa | TX,0.606050677
2285,Griggs Reservoir - dammed Scioto R.,2285,Columbus | OH,1
3668,Ohio River - Cincinnati,2285,Columbus | OH,0.014631913
3668,Ohio River - Cincinnati,2287,Columbus | OH,0.00261223
3668,Ohio River - Cincinnati,3598,Youngstown | OH,9.61E-04
3668,Ohio River - Cincinnati,3177,Pittsburgh | PA,0.152973096
3668,Ohio River - Cincinnati,3342,Charleston | WV,0.020186969
3668,Ohio River - Cincinnati,4044,Huntington | WV,0.72735082
3668,Ohio River - Cincinnati,3668,Cincinnati | OH,1
4042,Ohio River - Evansville,2285,Columbus | OH,0.010441172
4042,Ohio River - Evansville,2287,Columbus | OH,0.001864058
4042,Ohio River - Evansville,3598,Youngstown | OH,6.86E-04
4042,Ohio River - Evansville,3177,Pittsburgh | PA,0.109159919
4042,Ohio River - Evansville,3342,Charleston | WV,0.014405199
4042,Ohio River - Evansville,4042,Evansville | IN,1
4042,Ohio River - Evansville,4043,Louisville | KY,0.851139853
4042,Ohio River - Evansville,4044,Huntington | WV,0.519029545
4042,Ohio River - Evansville,3668,Cincinnati | OH,0.713589001
4042,Ohio River - Evansville,3431,Lexington | KY,0.047170186
4043,Ohio River - Louisville,2285,Columbus | OH,0.012267282
4043,Ohio River - Louisville,2287,Columbus | OH,0.002190073
4043,Ohio River - Louisville,3598,Youngstown | OH,8.06E-04
4043,Ohio River - Louisville,3177,Pittsburgh | PA,0.128251448
4043,Ohio River - Louisville,3342,Charleston | WV,0.016924597
4043,Ohio River - Louisville,4043,Louisville | KY,1
4043,Ohio River - Louisville,4044,Huntington | WV,0.609805243
4043,Ohio River - Louisville,3668,Cincinnati | OH,0.838392185
4043,Ohio River - Louisville,3431,Lexington | KY,0.055420018
2287,Hoover Reservoir,2287,Columbus | OH,1
2291,Lake Worth,2291,Fort Worth | TX,1
2292,Benbrook Lake,2292,Fort Worth | TX,1
2293,Cedar Creek Reservoir,2293,Fort Worth | TX,1
2294,Richland-Chambers Reservoir,2294,Fort Worth | TX,1
2295,Mountain Island Lake,2295,Charlotte | NC,1
2295,Mountain Island Lake,2295,Concord | NC,1
2295,Mountain Island Lake,2295,Gastonia | NC,1
2295,Mountain Island Lake,3483,Hickory | NC,0.705928915
2298,Loch Raven Reservoir,2298,Baltimore | MD,1
2299,Liberty Reservoir,2299,Baltimore | MD,1
2301,Conowingo Dam – Susquehanna River,2301,Baltimore | MD,1
2301,Conowingo Dam – Susquehanna River,3381,Scranton | PA,2.02E-04
2301,Conowingo Dam – Susquehanna River,3527,Scranton | PA,3.13E-04
2301,Conowingo Dam – Susquehanna River,3823,Scranton | PA,1.01E-04
2301,Conowingo Dam – Susquehanna River,3300,Lancaster | PA,0.012010438
2301,Conowingo Dam – Susquehanna River,3825,Lancaster | PA,0.963310124
2301,Conowingo Dam – Susquehanna River,4036,Binghamton | NY,0.14455639
2301,Conowingo Dam – Susquehanna River,4037,Harrisburg | PA,0.888749127
2301,Conowingo Dam – Susquehanna River,4038,York | PA,0.954140013
2301,Conowingo Dam – Susquehanna River,3827,Harrisburg | PA,0.017814283
2302,Quabbin Reservoir,2302,Boston | MA,1
3604,Merrimack River,2303,Boston | MA,0.031380897
3604,Merrimack River,2303,Worcester | MA,0.031380897
3604,Merrimack River,3604,Nashua | NH,1
3604,Merrimack River,3498,Manchester | NH,0.01047819
2303,Wachusett Reservoir,2303,Boston | MA,1
2303,Wachusett Reservoir,2303,Worcester | MA,1
2304,Ware River,2304,Boston | MA,1
2305,Cedar River - Landsburg diversion dam,2305,Seattle | WA,1
2306,South Fork Tolt Reservoir,2306,Seattle | WA,1
2307,Detroit River,2307,Detroit | MI,1
2307,Detroit River,2307,Flint | MI,1
2307,Detroit River,3526,Akron | OH,0.00110721
2307,Detroit River,3209,Ann Arbor | MI,0.002352681
2307,Detroit River,3533,Duluth | MN,0.30701645
2307,Detroit River,3506,Chicago | IL,0.257923449
2307,Detroit River,3506,Grand Rapids | MI,0.257923449
2307,Detroit River,3506,Green Bay | WI,0.257923449
2307,Detroit River,3506,Kenosha | WI,0.257923449
2307,Detroit River,3506,Milwaukee | WI,0.257923449
2307,Detroit River,3506,Muskegon | MI,0.257923449
2307,Detroit River,3506,Racine | WI,0.257923449
2307,Detroit River,3487,Saginaw | MI,0.844488481
2307,Detroit River,3469,Buffalo | NY,1
2307,Detroit River,3469,Cleveland | OH,1
2307,Detroit River,3469,Erie | PA,1
2307,Detroit River,3469,Toledo | OH,1
2307,Detroit River,3653,Fort Wayne | IN,0.004189746
2307,Detroit River,3547,Appleton | WI,0.022393358
3469,Lake Erie,2307,Detroit | MI,1
3469,Lake Erie,2307,Flint | MI,1
3469,Lake Erie,3526,Akron | OH,0.00110721
3469,Lake Erie,3209,Ann Arbor | MI,0.002352681
3469,Lake Erie,3533,Duluth | MN,0.30701645
3469,Lake Erie,3506,Chicago | IL,0.257923449
3469,Lake Erie,3506,Grand Rapids | MI,0.257923449
3469,Lake Erie,3506,Green Bay | WI,0.257923449
3469,Lake Erie,3506,Kenosha | WI,0.257923449
3469,Lake Erie,3506,Milwaukee | WI,0.257923449
3469,Lake Erie,3506,Muskegon | MI,0.257923449
3469,Lake Erie,3506,Racine | WI,0.257923449
3469,Lake Erie,3487,Saginaw | MI,0.844488481
3469,Lake Erie,3469,Buffalo | NY,1
3469,Lake Erie,3469,Cleveland | OH,1
3469,Lake Erie,3469,Erie | PA,1
3469,Lake Erie,3469,Toledo | OH,1
3469,Lake Erie,3653,Fort Wayne | IN,0.004189746
3469,Lake Erie,3547,Appleton | WI,0.022393358
3512,Lake Ontario,2307,Detroit | MI,0.890451317
3512,Lake Ontario,2307,Flint | MI,0.890451317
3512,Lake Ontario,3526,Akron | OH,9.86E-04
3512,Lake Ontario,3209,Ann Arbor | MI,0.002094948
3512,Lake Ontario,3533,Duluth | MN,0.273383202
3512,Lake Ontario,3506,Chicago | IL,0.229668275
3512,Lake Ontario,3506,Grand Rapids | MI,0.229668275
3512,Lake Ontario,3506,Green Bay | WI,0.229668275
3512,Lake Ontario,3506,Kenosha | WI,0.229668275
3512,Lake Ontario,3506,Milwaukee | WI,0.229668275
3512,Lake Ontario,3506,Muskegon | MI,0.229668275
3512,Lake Ontario,3506,Racine | WI,0.229668275
3512,Lake Ontario,3487,Saginaw | MI,0.75197588
3512,Lake Ontario,3512,Rochester | NY,1
3512,Lake Ontario,3512,Syracuse | NY,1
3512,Lake Ontario,3798,Syracuse | NY,2.47E-04
3512,Lake Ontario,3469,Buffalo | NY,0.890451317
3512,Lake Ontario,3469,Cleveland | OH,0.890451317
3512,Lake Ontario,3469,Erie | PA,0.890451317
3512,Lake Ontario,3469,Toledo | OH,0.890451317
3512,Lake Ontario,3392,Rochester | NY,2.29E-04
3512,Lake Ontario,3653,Fort Wayne | IN,0.003730765
3512,Lake Ontario,3547,Appleton | WI,0.019940195
2309,Potomac River - Dalecarlia Reservoir,2309,Washington | D.C.,1
2309,Potomac River - Dalecarlia Reservoir,3559,Frederick | MD,0.007200947
2309,Potomac River - Dalecarlia Reservoir,3336,Hagerstown | MD,7.15E-04
2309,Potomac River - Dalecarlia Reservoir,4054,Hagerstown | MD,0.477182339
2309,Potomac River - Dalecarlia Reservoir,3628,Frederick | MD,0.061076376
2309,Potomac River - Dalecarlia Reservoir,3703,Frederick | MD,0.824997057
2311,Dillon Reservoir,2311,Denver | CO,1
2311,Dillon Reservoir,3850,Colorado Springs | CO,0.011289503
3380,Green Mountain Dam,2311,Denver | CO,0.612157251
3380,Green Mountain Dam,3380,Boulder | CO,1
3380,Green Mountain Dam,3380,Fort Collins | CO,1
3380,Green Mountain Dam,3850,Colorado Springs | CO,0.006910951
2312,Tributaries to Fraser River (Moffat Tunnel),2312,Denver | CO,1
3880,Windy Gap Reservoir,2312,Denver | CO,0.2952371
3880,Windy Gap Reservoir,3880,Boulder | CO,1
3880,Windy Gap Reservoir,3880,Fort Collins | CO,1
2316,Gross Reservoir,2316,Denver | CO,1
2361,Mississippi River - Chain of Rocks Plant,2316,Denver | CO,1.43E-04
2361,Mississippi River - Chain of Rocks Plant,2317,Aurora | CO,0.003811138
2361,Mississippi River - Chain of Rocks Plant,2317,Denver | CO,0.003811138
2361,Mississippi River - Chain of Rocks Plant,2318,Denver | CO,2.54E-04
2361,Mississippi River - Chain of Rocks Plant,2319,Denver | CO,6.97E-05
2361,Mississippi River - Chain of Rocks Plant,2341,Minneapolis | MN,0.028306645
2361,Mississippi River - Chain of Rocks Plant,2348,Aurora | CO,1.07E-05
2361,Mississippi River - Chain of Rocks Plant,2349,Aurora | CO,6.89E-06
2361,Mississippi River - Chain of Rocks Plant,2361,Saint Louis | MO,1
2361,Mississippi River - Chain of Rocks Plant,2362,Saint Paul | MN,0.028306645
2361,Mississippi River - Chain of Rocks Plant,3205,Boulder | CO,6.35E-05
2361,Mississippi River - Chain of Rocks Plant,3238,Boulder | CO,2.64E-05
2361,Mississippi River - Chain of Rocks Plant,3357,Boulder | CO,3.84E-05
2361,Mississippi River - Chain of Rocks Plant,3357,Fort Collins | CO,3.84E-05
2361,Mississippi River - Chain of Rocks Plant,3405,Fort Collins | CO,2.49E-05
2361,Mississippi River - Chain of Rocks Plant,3670,Boulder | CO,2.43E-04
2361,Mississippi River - Chain of Rocks Plant,3670,Fort Collins | CO,2.43E-04
2361,Mississippi River - Chain of Rocks Plant,3532,Springfield | IL,4.02E-04
2361,Mississippi River - Chain of Rocks Plant,3818,Springfield | MO,0.001685425
2361,Mississippi River - Chain of Rocks Plant,3629,Colorado Springs | CO,1.66E-05
2361,Mississippi River - Chain of Rocks Plant,3225,Sioux Falls | SD,0.006461197
2361,Mississippi River - Chain of Rocks Plant,4030,Boulder | CO,4.60E-05
2361,Mississippi River - Chain of Rocks Plant,3252,Fort Collins | CO,0.001556759
2361,Mississippi River - Chain of Rocks Plant,4031,Fort Collins | CO,1.50E-05
2361,Mississippi River - Chain of Rocks Plant,4033,Boulder | CO,6.27E-06
2361,Mississippi River - Chain of Rocks Plant,3273,Cedar Rapids | IA,0.009434845
2361,Mississippi River - Chain of Rocks Plant,4035,Waterloo | IA,0.007429224
2361,Mississippi River - Chain of Rocks Plant,3623,Sioux City | IA,0.445612326
2361,Mississippi River - Chain of Rocks Plant,3318,Des Moines | IA,0.009286181
2361,Mississippi River - Chain of Rocks Plant,3721,Des Moines | IA,0.005243622
2361,Mississippi River - Chain of Rocks Plant,3412,Peoria | IL,0.019856061
2361,Mississippi River - Chain of Rocks Plant,4051,Omaha | NE,0.457960789
2361,Mississippi River - Chain of Rocks Plant,3622,Kansas City | MO,0.602610958
2361,Mississippi River - Chain of Rocks Plant,3427,Topeka | KS,0.08244747
2361,Mississippi River - Chain of Rocks Plant,3621,Davenport | IA,0.129281566
2361,Mississippi River - Chain of Rocks Plant,3696,Omaha | NE,0.123578608
2361,Mississippi River - Chain of Rocks Plant,3766,Springfield | IL,0.004184077
2361,Mississippi River - Chain of Rocks Plant,3883,Billings | MT,0.017289604
3622,Missouri River - Kansas City MO,2316,Denver | CO,2.37E-04
3622,Missouri River - Kansas City MO,2317,Aurora | CO,0.006324375
3622,Missouri River - Kansas City MO,2317,Denver | CO,0.006324375
3622,Missouri River - Kansas City MO,2318,Denver | CO,4.22E-04
3622,Missouri River - Kansas City MO,2319,Denver | CO,1.16E-04
3622,Missouri River - Kansas City MO,2348,Aurora | CO,1.78E-05
3622,Missouri River - Kansas City MO,2349,Aurora | CO,1.14E-05
3622,Missouri River - Kansas City MO,3205,Boulder | CO,1.05E-04
3622,Missouri River - Kansas City MO,3238,Boulder | CO,4.38E-05
3622,Missouri River - Kansas City MO,3357,Boulder | CO,6.38E-05
3622,Missouri River - Kansas City MO,3357,Fort Collins | CO,6.38E-05
3622,Missouri River - Kansas City MO,3405,Fort Collins | CO,4.13E-05
3622,Missouri River - Kansas City MO,3670,Boulder | CO,4.03E-04
3622,Missouri River - Kansas City MO,3670,Fort Collins | CO,4.03E-04
3622,Missouri River - Kansas City MO,3629,Colorado Springs | CO,2.76E-05
3622,Missouri River - Kansas City MO,3225,Sioux Falls | SD,0.010722003
3622,Missouri River - Kansas City MO,4030,Boulder | CO,7.63E-05
3622,Missouri River - Kansas City MO,3252,Fort Collins | CO,0.002583357
3622,Missouri River - Kansas City MO,4031,Fort Collins | CO,2.49E-05
3622,Missouri River - Kansas City MO,4033,Boulder | CO,1.04E-05
3622,Missouri River - Kansas City MO,3623,Sioux City | IA,0.739469337
3622,Missouri River - Kansas City MO,4051,Omaha | NE,0.759960937
3622,Missouri River - Kansas City MO,3622,Kansas City | MO,1
3622,Missouri River - Kansas City MO,3696,Omaha | NE,0.205071957
3622,Missouri River - Kansas City MO,3883,Billings | MT,0.028691154
3696,Platte River,2316,Denver | CO,0.001154701
3696,Platte River,2317,Aurora | CO,0.030839784
3696,Platte River,2317,Denver | CO,0.030839784
3696,Platte River,2318,Denver | CO,0.002057237
3696,Platte River,2319,Denver | CO,5.64E-04
3696,Platte River,2348,Aurora | CO,8.67E-05
3696,Platte River,2349,Aurora | CO,5.58E-05
3696,Platte River,3205,Boulder | CO,5.14E-04
3696,Platte River,3238,Boulder | CO,2.13E-04
3696,Platte River,3357,Boulder | CO,3.11E-04
3696,Platte River,3357,Fort Collins | CO,3.11E-04
3696,Platte River,3405,Fort Collins | CO,2.02E-04
3696,Platte River,3670,Boulder | CO,0.001965218
3696,Platte River,3670,Fort Collins | CO,0.001965218
3696,Platte River,3629,Colorado Springs | CO,1.35E-04
3696,Platte River,4030,Boulder | CO,3.72E-04
3696,Platte River,3252,Fort Collins | CO,0.012597318
3696,Platte River,4031,Fort Collins | CO,1.21E-04
3696,Platte River,4033,Boulder | CO,5.07E-05
3696,Platte River,3696,Omaha | NE,1
2317,Strontia Springs Reservoir,2317,Aurora | CO,1
2317,Strontia Springs Reservoir,2317,Denver | CO,1
2317,Strontia Springs Reservoir,3629,Colorado Springs | CO,0.004367595
2318,Bear Creek (to canal),2318,Denver | CO,1
2319,Ralston Reservoir,2319,Denver | CO,1
2320,Williams Fork River intake,2320,Denver | CO,1
2323,Bull Run Reservoir No. 2,2323,Portland | OR,1
3214,Bear Creek Reservoir- Gaz,2331,Atlanta | GA,0.734806302
3214,Bear Creek Reservoir- Gaz,3214,Athens | GA,1
2331,Chattahoochee River,2331,Atlanta | GA,1
2334,San Pablo Reservoir,2334,Oakland | CA,1
2334,San Pablo Reservoir,2335,Berkeley | CA,0.919289204
2335,Briones Reservoir,2335,Berkeley | CA,1
2336,Lafayette Reservoir,2336,Oakland | CA,1
2338,Lake Chabot,2338,Oakland | CA,1
2340,Camanche Reservoir,2340,Berkeley | CA,1
2340,Camanche Reservoir,2340,Oakland | CA,1
2341,Mississippi River - Columbia Heights Filtration Plant,2341,Minneapolis | MN,1
2341,Mississippi River - Columbia Heights Filtration Plant,2362,Saint Paul | MN,1
2362,Mississippi River - Coon Rapids,2341,Minneapolis | MN,1
2362,Mississippi River - Coon Rapids,2362,Saint Paul | MN,1
3621,Mississippi River - Davenport,2341,Minneapolis | MN,0.218953447
3621,Mississippi River - Davenport,2362,Saint Paul | MN,0.218953447
3621,Mississippi River - Davenport,3621,Davenport | IA,1
2343,Hillsborough River,2343,Saint Petersburg | FL,1
2343,Hillsborough River,2343,Tampa | FL,1
2344,Alafia River,2344,Saint Petersburg | FL,1
2344,Alafia River,2344,Tampa | FL,1
2348,Aurora Reservoir,2348,Aurora | CO,1
2349,Quincy Reservoir,2349,Aurora | CO,1
3689,Pikeview Reservoir,2352,Aurora | CO,0.039718723
3689,Pikeview Reservoir,3689,Colorado Springs | CO,1
2352,Rampart Reservoir,2352,Aurora | CO,1
2355,Pueblo Reservoir,2355,Aurora | CO,1
2355,Pueblo Reservoir,2355,Colorado Springs | CO,1
2355,Pueblo Reservoir,2355,Pueblo | CO,1
2357,Lake Meredith,2357,Aurora | CO,1
2357,Lake Meredith,2357,Colorado Springs | CO,1
2358,Homestake Reservoir,2358,Aurora | CO,1
2358,Homestake Reservoir,2358,Colorado Springs | CO,1
2371,Pompton River,2371,Newark | NJ,1
3518,Lake Pillsbury,3518,Santa Rosa | CA,1
3407,Hubbard Creek Reservoir,3407,Abilene | TX,1
3445,Lake Abilene,3445,Abilene | TX,1
3491,Lake Kirby,3491,Abilene | TX,1
3526,Lake Rockwell,3526,Akron | OH,1
3176,Alcove Reservoir,3176,Albany | NY,1
3210,Basic Creek Reservoir,3210,Albany | NY,1
3209,Barton Pond,3209,Ann Arbor | MI,1
3571,Los Vaqueros Reservoir,3571,Concord | CA,1
3581,Mallard Reservoir,3581,Antioch | CA,1
3581,Mallard Reservoir,3581,Concord | CA,1
3589,Martinez Reservoir,3589,Antioch | CA,1
3589,Martinez Reservoir,3589,Concord | CA,1
3216,Bee Tree Reservoir,3216,Asheville | NC,1
4050,Tennessee River - Chattanooga,3216,Asheville | NC,5.20E-04
4050,Tennessee River - Chattanooga,3656,Asheville | NC,0.001146654
4050,Tennessee River - Chattanooga,4049,Knoxville | TN,0.419131912
4050,Tennessee River - Chattanooga,4050,Chattanooga | TN,1
4050,Tennessee River - Chattanooga,3616,Asheville | NC,0.003421369
4050,Tennessee River - Chattanooga,3861,Johnson City | TN,0.037705726
3834,Tennessee River - Huntsville,3216,Asheville | NC,4.34E-04
3834,Tennessee River - Huntsville,3656,Asheville | NC,9.58E-04
3834,Tennessee River - Huntsville,4049,Knoxville | TN,0.350005801
3834,Tennessee River - Huntsville,4050,Chattanooga | TN,0.835073139
3834,Tennessee River - Huntsville,3834,Huntsville | AL,1
3834,Tennessee River - Huntsville,3616,Asheville | NC,0.002857093
3834,Tennessee River - Huntsville,3861,Johnson City | TN,0.031487039
4049,Tennessee River - Knoxville,3216,Asheville | NC,0.001240686
4049,Tennessee River - Knoxville,3656,Asheville | NC,0.002735782
4049,Tennessee River - Knoxville,4049,Knoxville | TN,1
4049,Tennessee River - Knoxville,3616,Asheville | NC,0.008162988
4049,Tennessee River - Knoxville,3861,Johnson City | TN,0.089961477
3656,North Fork Reservoir,3656,Asheville | NC,1
3325,Doughty Pond Dam,3325,Atlantic City | NJ,1
3415,Inland Lake,3415,Birmingham | AL,1
3539,Lake Tuscaloosa,3415,Birmingham | AL,0.015025367
3539,Lake Tuscaloosa,3796,Birmingham | AL,0.227468247
3521,Lake Purdy,3521,Birmingham | AL,1
3205,Barker Reservoir,3205,Boulder | CO,1
3238,Boulder Reservoir,3238,Boulder | CO,1
3849,Union River Reservoir,3849,Bremerton | WA,1
3348,Falcon Dam,3348,Brownsville | TX,1
3348,Falcon Dam,4045,Albuquerque | NM,0.10309712
3348,Falcon Dam,4047,Laredo | TX,0.843021219
3348,Falcon Dam,3733,El Paso | TX,0.199594932
3348,Falcon Dam,4247,Santa Fe | NM,1.79E-04
3348,Falcon Dam,4248,Santa Fe | NM,0.084876742
4046,Rio Grande - Harlingen,3348,Brownsville | TX,0.907481616
4046,Rio Grande - Harlingen,4045,Albuquerque | NM,0.093558741
4046,Rio Grande - Harlingen,4046,Harlingen | TX,1
4046,Rio Grande - Harlingen,4047,Laredo | TX,0.765026259
4046,Rio Grande - Harlingen,4048,McAllen | TX,0.998081887
4046,Rio Grande - Harlingen,3733,El Paso | TX,0.181128731
4046,Rio Grande - Harlingen,4247,Santa Fe | NM,1.63E-04
4046,Rio Grande - Harlingen,4248,Santa Fe | NM,0.077024083
4048,Rio Grande - McAllen,3348,Brownsville | TX,0.909225614
4048,Rio Grande - McAllen,4045,Albuquerque | NM,0.093738542
4048,Rio Grande - McAllen,4047,Laredo | TX,0.766496486
4048,Rio Grande - McAllen,4048,McAllen | TX,1
4048,Rio Grande - McAllen,3733,El Paso | TX,0.181476824
4048,Rio Grande - McAllen,4247,Santa Fe | NM,1.63E-04
4048,Rio Grande - McAllen,4248,Santa Fe | NM,0.077172108
3460,Lake Concord,3460,Concord | NC,1
3684,Pee Dee River,3460,Concord | NC,0.002037283
3684,Pee Dee River,3466,Concord | NC,0.003469041
3684,Pee Dee River,3425,Concord | NC,0.001157726
3684,Pee Dee River,3750,Winston-Salem | NC,0.001988775
3684,Pee Dee River,4052,Winston-Salem | NC,0.139834526
3684,Pee Dee River,3882,Greensboro | NC,0.332485868
3684,Pee Dee River,3684,Myrtle Beach | SC,1
3466,Lake Don T. Howell,3466,Concord | NC,1
3425,Kannapolis Lake,3425,Concord | NC,1
3536,Lake Texana,3536,Corpus Christi | TX,1
3462,Lake Corpus Christi,3462,Corpus Christi | TX,1
3576,Lower Kohanza Reservoir,3576,Danbury | CT,1
3678,Padanaram Reservoir,3678,Danbury | CT,1
3352,Falls Lake,3505,Durham | NC,0.222049602
3352,Falls Lake,3562,Durham | NC,0.122245142
3352,Falls Lake,3352,Raleigh | NC,1
3505,Lake Michie,3505,Durham | NC,1
3562,Little River Reservoir,3562,Durham | NC,1
4034,Cape Fear River - Wilmington,3372,Fayetteville | NC,0.003747553
4034,Cape Fear River - Wilmington,3496,Greensboro | NC,0.020344475
4034,Cape Fear River - Wilmington,3538,Greensboro | NC,0.015488112
4034,Cape Fear River - Wilmington,3524,Greensboro | NC,0.011871051
4034,Cape Fear River - Wilmington,3287,High Point | NC,0.010311955
4034,Cape Fear River - Wilmington,3264,Fayetteville | NC,0.620231173
4034,Cape Fear River - Wilmington,3489,Durham | NC,0.238633125
4034,Cape Fear River - Wilmington,4034,Wilmington | NC,1
3372,Glenville Lake,3372,Fayetteville | NC,1
3357,Flat Iron Dam,3357,Boulder | CO,1
3357,Flat Iron Dam,3357,Fort Collins | CO,1
3670,Olympus Dam,3670,Boulder | CO,1
3670,Olympus Dam,3670,Fort Collins | CO,1
3473,Lake Fort Smith,3473,Fort Smith | AR,1
3553,Lee Creek Reservoir,3553,Fort Smith | AR,1
3559,Linganore Creek Reservoir,3559,Frederick | MD,1
3614,Millerton Lake,3614,Fresno | CA,1
3691,Pine Flat Lake,3691,Fresno | CA,1
3264,Cape Fear River - Fayetteville,3496,Greensboro | NC,0.032801439
3264,Cape Fear River - Fayetteville,3538,Greensboro | NC,0.024971515
3264,Cape Fear River - Fayetteville,3524,Greensboro | NC,0.01913972
3264,Cape Fear River - Fayetteville,3287,High Point | NC,0.016625987
3264,Cape Fear River - Fayetteville,3264,Fayetteville | NC,1
3264,Cape Fear River - Fayetteville,3489,Durham | NC,0.38474868
3489,Lake Jordan,3496,Greensboro | NC,0.085254196
3489,Lake Jordan,3538,Greensboro | NC,0.064903445
3489,Lake Jordan,3524,Greensboro | NC,0.049746032
3489,Lake Jordan,3489,Durham | NC,1
3496,Lake Mackintosh,3496,Greensboro | NC,1
3538,Lake Townsend,3538,Greensboro | NC,1
3476,Lake Gaston,3819,Greensboro | NC,9.31E-04
3476,Lake Gaston,3267,Roanoke | VA,0.002173309
3476,Lake Gaston,3350,Roanoke | VA,2.02E-04
3476,Lake Gaston,3476,Virginia Beach | VA,1
3476,Lake Gaston,3736,Roanoke | VA,0.032527062
3819,Stoney Creek Reservoir,3819,Greensboro | NC,1
3490,Lake Keowee,3490,Greenville | SC,1
3777,Savannah River,3490,Greenville | SC,0.062138943
3777,Savannah River,3777,Augusta-Richmond | GA,1
3698,Poinsett Reservoir,3698,Greenville | SC,1
3336,Edgemeont Reservoir,3336,Hagerstown | MD,1
3703,Potomac River - Fredrick,3336,Hagerstown | MD,8.66E-04
3703,Potomac River - Fredrick,4054,Hagerstown | MD,0.578404898
3703,Potomac River - Fredrick,3703,Frederick | MD,1
3645,Nepaug Reservoir,3645,Hartford | CT,1
3483,Lake Hickory,3483,Hickory | NC,1
3287,City Lake,3287,High Point | NC,1
3500,Lake Maumelle,3500,Little Rock | AR,1
3548,Lake Winona,3548,Little Rock | AR,1
3674,Ouachita River,3548,Little Rock | AR,0.002846766
3674,Ouachita River,3674,Monroe | LA,1
3504,Lake Meredith-TX,3504,Amarillo | TX,1
3504,Lake Meredith-TX,3504,Lubbock | TX,1
3805,Spada Lake Reservoir,3805,Marysville | WA,1
3418,J.B. Converse Reservoir,3418,Mobile | AL,1
4039,Cumberland River - Clarksville,3417,Murfreesboro | TN,0.063542023
4039,Cumberland River - Clarksville,4039,Clarksville | TN,1
4039,Cumberland River - Clarksville,3312,Nashville | TN,0.813257411
3417,J. Percy Priest Reservoir,3417,Murfreesboro | TN,1
3197,Assawompset Pond,3197,New Bedford | MA,1
3561,Little Quittacas Pond,3561,New Bedford | MA,1
3283,Cheshire Reservoir,3283,New Haven | CT,1
3480,Lake Hammonasset,3480,New Haven | CT,1
3464,Lake Dawson,3464,New Haven | CT,1
3475,Lake Gallard,3475,New Haven | CT,1
3602,Menuckatuck Reservoir,3602,New Haven | CT,1
3615,Millford Reservoir,3615,New Haven | CT,1
3863,Wepawaug Reservoir,3863,New Haven | CT,1
3872,Whitney Lake,3872,New Haven | CT,1
3488,Lake Ivie,3537,Odessa | TX,0.105974476
3488,Lake Ivie,3488,Abilene | TX,1
3488,Lake Ivie,3488,Odessa | TX,1
3537,Lake Thomas,3537,Odessa | TX,1
3390,Hefner Reservoir,3390,Oklahoma City | OK,1
3593,McGee Creek Reservoir,3593,Oklahoma City | OK,1
3844,Twelve Mile Bayou,3593,Oklahoma City | OK,6.16E-04
3675,Overholser Reservoir,3675,Oklahoma City | OK,1
3814,Stanley Draper Reservoir,3814,Oklahoma City | OK,1
3448,Lake Bard,3448,Oxnard | CA,1
3513,Lake Ontelaunee,3513,Reading | PA,1
3230,Boca Reservoir,3230,Reno | NV,1
3267,Carvin Cove Reservoir,3267,Roanoke | VA,1
3350,Falling Creek Reservoir,3350,Roanoke | VA,1
3241,Bradbury Dam,3241,Santa Barbara | CA,1
3381,Griffin Reservoir,3381,Scranton | PA,1
4037,Susquehanna River - Harrisburg,3381,Scranton | PA,2.28E-04
4037,Susquehanna River - Harrisburg,3527,Scranton | PA,3.53E-04
4037,Susquehanna River - Harrisburg,3823,Scranton | PA,1.14E-04
4037,Susquehanna River - Harrisburg,4036,Binghamton | NY,0.162651512
4037,Susquehanna River - Harrisburg,4037,Harrisburg | PA,1
3825,Susquehanna River - Lancaster,3381,Scranton | PA,2.10E-04
3825,Susquehanna River - Lancaster,3527,Scranton | PA,3.25E-04
3825,Susquehanna River - Lancaster,3823,Scranton | PA,1.05E-04
3825,Susquehanna River - Lancaster,3825,Lancaster | PA,1
3825,Susquehanna River - Lancaster,4036,Binghamton | NY,0.150062151
3825,Susquehanna River - Lancaster,4037,Harrisburg | PA,0.922599176
3825,Susquehanna River - Lancaster,4038,York | PA,0.990480624
3825,Susquehanna River - Lancaster,3827,Harrisburg | PA,0.01849278
4038,Susquehanna River - York,3381,Scranton | PA,2.12E-04
4038,Susquehanna River - York,3527,Scranton | PA,3.28E-04
4038,Susquehanna River - York,3823,Scranton | PA,1.06E-04
4038,Susquehanna River - York,4036,Binghamton | NY,0.151504379
4038,Susquehanna River - York,4037,Harrisburg | PA,0.931466153
4038,Susquehanna River - York,4038,York | PA,1
4038,Susquehanna River - York,3827,Harrisburg | PA,0.018670512
3527,Lake Scranton Reservoir,3527,Scranton | PA,1
3823,Summit Lake Reservoir,3823,Scranton | PA,1
3244,Broad River Diversion Canal,3452,Spartanburg | SC,0.035546599
3244,Broad River Diversion Canal,3829,Greenville | SC,0.002327166
3244,Broad River Diversion Canal,3244,Columbia | SC,1
3452,Lake Blalock,3452,Spartanburg | SC,1
3532,Lake Springfield,3532,Springfield | IL,1
3766,Sangamon River,3532,Springfield | IL,0.095989942
3766,Sangamon River,3766,Springfield | IL,1
3293,Cobble Mountain Reservoir,3293,Springfield | MA,1
3818,Stockton Lake,3818,Springfield | MO,1
3649,New Hogan Reservoir,3649,Stockton | CA,1
3486,Lake Hudson,3486,Tulsa | OK,1
3514,Lake Oologah,3514,Tulsa | OK,1
3530,Lake Spavinaw,3530,Tulsa | OK,1
3516,Lake Palestine,3516,Tyler | TX,1
3565,LNVA Canal,3516,Tyler | TX,0.087623478
3565,LNVA Canal,3541,Tyler | TX,0.00700024
3565,LNVA Canal,3540,Tyler | TX,0.004859763
3565,LNVA Canal,3565,Port Arthur | TX,1
3565,LNVA Canal,3644,Beaumont | TX,1.004130579
3644,Neches River,3516,Tyler | TX,0.087263031
3644,Neches River,3541,Tyler | TX,0.006971444
3644,Neches River,3540,Tyler | TX,0.004839772
3644,Neches River,3565,Port Arthur | TX,0.995886412
3644,Neches River,3644,Beaumont | TX,1
3541,Lake Tyler East,3541,Tyler | TX,1
3540,Lake Tyler,3540,Tyler | TX,1
3397,Hinckley Reservoir,3397,Utica | NY,1
3474,Lake Frey,3474,Vallejo | CA,1
3868,Western Branch Reservoir-VA,3868,Norfolk | VA,1
3868,Western Branch Reservoir-VA,3868,Virginia Beach | VA,1
3449,Lake Belton,3449,Killeen | TX,1
3449,Lake Belton,3449,Waco | TX,1
3543,Lake Waco,3543,Waco | TX,1
3787,Shepaug Reservoir,3787,Waterbury | CT,1
3874,Wigwam Reservoir,3874,Waterbury | CT,1
3281,Cheney Reservoir,3281,Wichita | KS,1
3750,Salem Lake,3750,Winston-Salem | NC,1
3882,Yadkin River - Greensboro,3750,Winston-Salem | NC,0.005981533
3882,Yadkin River - Greensboro,4052,Winston-Salem | NC,0.420572839
3882,Yadkin River - Greensboro,3882,Greensboro | NC,1
3400,Holden Reservoir No. 2,3400,Worcester | MA,1
3578,Lynde Brook Reservoir,3578,Worcester | MA,1
3598,Meander Reservoir,3598,Youngstown | OH,1
4044,Ohio River - Huntington,3598,Youngstown | OH,0.00132158
4044,Ohio River - Huntington,3177,Pittsburgh | PA,0.210315424
4044,Ohio River - Huntington,3342,Charleston | WV,0.027754103
4044,Ohio River - Huntington,4044,Huntington | WV,1
3487,Lake Huron,3533,Duluth | MN,0.363553153
3487,Lake Huron,3506,Chicago | IL,0.305419736
3487,Lake Huron,3506,Grand Rapids | MI,0.305419736
3487,Lake Huron,3506,Green Bay | WI,0.305419736
3487,Lake Huron,3506,Kenosha | WI,0.305419736
3487,Lake Huron,3506,Milwaukee | WI,0.305419736
3487,Lake Huron,3506,Muskegon | MI,0.305419736
3487,Lake Huron,3506,Racine | WI,0.305419736
3487,Lake Huron,3487,Saginaw | MI,1
3487,Lake Huron,3547,Appleton | WI,0.026517067
3533,Lake Superior,3533,Duluth | MN,1
3506,Lake Michigan,3506,Chicago | IL,1
3506,Lake Michigan,3506,Grand Rapids | MI,1
3506,Lake Michigan,3506,Green Bay | WI,1
3506,Lake Michigan,3506,Kenosha | WI,1
3506,Lake Michigan,3506,Milwaukee | WI,1
3506,Lake Michigan,3506,Muskegon | MI,1
3506,Lake Michigan,3506,Racine | WI,1
3506,Lake Michigan,3547,Appleton | WI,0.08682172
3459,Lake Champlain,3459,Burlington | VT,1
3798,Skaneateles Lake,3798,Syracuse | NY,1
3392,Hemlock Lake-NY,3392,Rochester | NY,1
3177,Allegheny river,3177,Pittsburgh | PA,1
3199,Atlantic Intracoastal Waterway,3199,Myrtle Beach | SC,1
3856,Waccamaw River,3199,Myrtle Beach | SC,0.032933776
3856,Waccamaw River,3856,Myrtle Beach | SC,1
3213,Bayou Lafourche,3213,Houma | LA,1
3253,Cahaba River,3253,Birmingham | AL,1
3796,Sipsey Fork,3796,Birmingham | AL,1
3308,Crystal Creek Reservoir-CO,3308,Colorado Springs | CO,1
3383,Grizzly Reservoir,3383,Colorado Springs | CO,1
3629,Montgomery Reservoir,3629,Colorado Springs | CO,1
3744,Ruedi Reservoir,3744,Colorado Springs | CO,1
3744,Ruedi Reservoir,3744,Pueblo | CO,1
3850,Upper Blue Reservoir,3850,Colorado Springs | CO,1
3305,Cross Lake,3305,Shreveport | LA,1
3736,Roanoke River,3736,Roanoke | VA,1
3420,"James River, MO",3420,Springfield | MO,1
3386,Gulf Intercoastal Waterway,3386,Houma | LA,1
3829,Table Rock Reservoir,3829,Greenville | SC,1
3225,Big Sioux River,3225,Sioux Falls | SD,1
4051,Missouri River - Omaha,3225,Sioux Falls | SD,0.014108624
4051,Missouri River - Omaha,3623,Sioux City | IA,0.973035982
4051,Missouri River - Omaha,4051,Omaha | NE,1
4051,Missouri River - Omaha,3883,Billings | MT,0.037753458
3623,Missouri River Alluvial Aquifer,3225,Sioux Falls | SD,0.014499592
3623,Missouri River Alluvial Aquifer,3623,Sioux City | IA,1
3623,Missouri River Alluvial Aquifer,3883,Billings | MT,0.038799653
3226,Big Tooth Reservoir,3226,Colorado Springs | CO,1
3235,Boise River,3235,Boise | ID,1
4030,Lakewood Reservoir,4030,Boulder | CO,1
3252,Cache La Poudre River,3252,Fort Collins | CO,1
4031,Michigan River,4031,Fort Collins | CO,1
4033,Carter Lake,4033,Boulder | CO,1
3273,Cedar River Alluvial Aquifer - Cedar Rapids,3273,Cedar Rapids | IA,1
3273,Cedar River Alluvial Aquifer - Cedar Rapids,4035,Waterloo | IA,0.787424062
3289,Clear Fork Brazo River,3289,Abilene | TX,1
3300,Conestoga River,3300,Lancaster | PA,1
4035,Cedar River Alluvial Aquifer - Waterloo,4035,Waterloo | IA,1
4036,Susquehanna River - Binghampton,4036,Binghamton | NY,1
3312,Cumberland River - Nashville-Davidson,3312,Nashville | TN,1
3318,Des Moines River,3318,Des Moines | IA,1
3721,Raccoon River,3721,Des Moines | IA,1
3342,Elk River,3342,Charleston | WV,1
3642,Naches River,3642,Yakima | WA,1
3747,Sacramento River - North Bay aqueduct intake,3747,Fairfield | CA,1
3747,Sacramento River - North Bay aqueduct intake,3747,Vallejo | CA,1
4045,Rio Grande - Albuquerque,4045,Albuquerque | NM,1
4045,Rio Grande - Albuquerque,4247,Santa Fe | NM,0.001738108
4045,Rio Grande - Albuquerque,4248,Santa Fe | NM,0.823269769
4047,Rio Grande - Laredo,4045,Albuquerque | NM,0.12229481
4047,Rio Grande - Laredo,4047,Laredo | TX,1
4047,Rio Grande - Laredo,3733,El Paso | TX,0.236761456
4047,Rio Grande - Laredo,4247,Santa Fe | NM,2.13E-04
4047,Rio Grande - Laredo,4248,Santa Fe | NM,0.10068162
3733,Rio Grande River - El Paso,4045,Albuquerque | NM,0.516531752
3733,Rio Grande River - El Paso,3733,El Paso | TX,1
3733,Rio Grande River - El Paso,4247,Santa Fe | NM,8.98E-04
3733,Rio Grande River - El Paso,4248,Santa Fe | NM,0.425244976
3653,St. Joseph River,3653,Fort Wayne | IN,1
3412,Illinois River,3412,Peoria | IL,1
3665,Ocmulgee River,3665,Macon | GA,1
3427,Kansas River,3427,Topeka | KS,1
3431,Kentucky River,3431,Lexington | KY,1
3432,Kern River,3432,Bakersfield | CA,1
4052,Yadkin River - Winston-Salem,4052,Winston-Salem | NC,1
3498,Lake Massabesic,3498,Manchester | NH,1
4053,Russian River to Mirabel Dam,4053,Santa Rosa | CA,1
3547,Lake Winnebago,3547,Appleton | WI,1
4054,Potomac River - Hagerstown,4054,Hagerstown | MD,1
3628,Monocacy River,3628,Frederick | MD,1
3835,Terminal Reservoir-TX,3835,Port Arthur | TX,1
3595,McKenzie River,3595,Eugene | OR,1
3610,Middle Oconee River,3610,Athens | GA,1
3657,North Oconee River,3657,Athens | GA,1
3616,Mills River,3616,Asheville | NC,1
3729,Regulating Reservoir-RI,3729,Providence | RI,1
3763,San Lorenzo River,3763,Santa Cruz | CA,1
4057,Laguna Creek,4057,Santa Cruz | CA,1
3658,North Santiam River,3658,Salem | OR,1
3683,Pearl River,3683,Jackson | MS,1
3727,Red River,3727,Fargo | ND,1
3740,Rogue River,3740,Medford | OR,1
3827,Swatara Creek,3827,Harrisburg | PA,1
3861,Watauga River,3861,Johnson City | TN,1
3883,Yellowstone River,3883,Billings | MT,1
3301,Contra Loma Reservoir,3301,Concord | CA,1
4028,Lake Dunlap,4028,San Antonio | TX,1
4029,Medina Lake,4029,San Antonio | TX,1
3830,Tallapoosa River,3830,Montgomery | AL,1
4073,Jordan River (tributaries),4073,Salt Lake City | UT,1
4078,Saugatuck Reservoir,4078,Bridgeport | CT,1
4079,Easton Reservoir,4079,Bridgeport | CT,1
4080,Hemlocks Reservoir,4080,Bridgeport | CT,1
4084,West Pequonnock Reservoir,4084,Bridgeport | CT,1
4085,Means Brook Reservoir,4085,Bridgeport | CT,1
4086,Sebago Lake,4086,Portland | ME,1
4091,"James River, VA",4091,Richmond | VA,1
4224,Lake Whitehurst,4224,Norfolk | VA,1
4225,Little Creek Reservoir,4224,Norfolk | VA,1
4226,Lake Lawson,4225,Norfolk | VA,2.90112437
4226,Lake Lawson,4226,Norfolk | VA,1
4226,Lake Lawson,4227,Norfolk | VA,1
4227,Lake Smith,4225,Norfolk | VA,2.90112437
4227,Lake Smith,4226,Norfolk | VA,1
4227,Lake Smith,4227,Norfolk | VA,1
4247,Nichols Reservoir,4247,Santa Fe | NM,1
4248,Rio Grande - Buckman Diversion,4248,Santa Fe | NM,1
